,Name,Team,G,PA,HR,R,RBI,SB,BB%,K%,ISO,BABIP,AVG,OBP,SLG,wOBA,wRC+,BsR,Off,Def,WAR,OPS,GB_per_FB,LD_p,GB_p,FB_p,IFFB_p,HR_per_FB,IFH,IFH_p,BUH,BUH_p,Pull_p,Cent_p,Oppo_p,Soft_p,Med_p,Hard_p,O-Swing_p,Z-Swing_p,Swing_p,O-Contact_p,Z-Contact_p,Contact_p,Zone_p,F-Strike_p,SwStr_p,avg_hit_speed,barrels,brl_percent,avg_angle
0,Mike Trout,Angels,159.0,681.0,29.0,123.0,100.0,30.0,17.0,20.1,0.235,0.371,0.315,0.441,0.55,0.418,171.0,9.3,67.7,0.7,9.4,0.9910000000000001,1.12,22.1,41.2,36.7,2.6,19.0,18.0,10.5,0.0,0.0,40.5,32.9,26.6,12.0,46.3,41.7,23.0,60.3,38.8,70.6,87.0,81.4,42.3,55.8,7.1,90.8,61,14.6,11.654219318181822
1,Kris Bryant,Cubs,155.0,699.0,39.0,121.0,102.0,8.0,10.7,22.0,0.262,0.332,0.292,0.385,0.554,0.396,149.0,7.3,49.1,11.0,8.4,0.9390000000000001,0.67,23.7,30.5,45.8,12.1,18.8,18.0,13.0,0.0,0.0,46.7,33.6,19.7,17.0,42.7,40.3,30.8,74.2,48.8,59.8,81.1,73.3,41.6,59.8,13.0,89.3,54,11.9,23.803787037037043
2,Mookie Betts,Red Sox,158.0,730.0,31.0,122.0,113.0,26.0,6.7,11.0,0.216,0.322,0.318,0.363,0.534,0.379,135.0,9.8,40.7,10.6,7.8,0.897,1.05,19.3,41.4,39.4,12.3,13.2,18.0,7.3,1.0,50.0,39.7,35.1,25.2,17.4,49.3,33.4,25.5,58.4,41.2,71.6,94.8,87.3,47.6,60.8,5.2,89.6,31,5.2,16.92937588652483
3,Josh Donaldson,Blue Jays,155.0,700.0,37.0,122.0,99.0,7.0,15.6,17.0,0.265,0.3,0.284,0.404,0.549,0.403,155.0,0.2,46.3,4.2,7.6,0.9530000000000001,0.94,21.3,38.2,40.6,10.2,19.8,8.0,4.5,0.0,0.0,46.0,27.7,26.4,16.4,43.2,40.4,24.6,66.5,42.0,63.3,83.7,76.7,41.5,57.0,9.7,92.0,58,12.5,15.540616666666665
4,Corey Seager,Dodgers,157.0,687.0,26.0,105.0,72.0,3.0,7.9,19.4,0.204,0.355,0.308,0.365,0.512,0.372,137.0,2.6,33.9,17.5,7.5,0.877,1.58,24.4,46.3,29.3,2.1,17.9,8.0,3.5,0.0,0.0,37.1,34.3,28.6,12.7,47.6,39.7,32.2,79.0,52.9,59.4,88.4,78.6,44.3,60.8,11.3,90.9,41,8.3,10.787185840707966
5,Jose Altuve,Astros,161.0,717.0,24.0,108.0,96.0,30.0,8.4,9.8,0.194,0.347,0.338,0.396,0.531,0.391,150.0,0.2,43.3,-2.5,6.7,0.927,1.29,26.2,41.6,32.2,4.9,13.0,23.0,9.7,2.0,25.0,45.3,35.7,19.0,13.6,52.6,33.8,32.7,71.2,49.1,77.7,91.3,86.1,42.6,61.1,6.7,87.7,40,6.9,13.276022222222222
6,Manny Machado,Orioles,157.0,696.0,37.0,105.0,96.0,0.0,6.9,17.2,0.239,0.309,0.294,0.343,0.533,0.366,129.0,-0.4,23.7,15.9,6.5,0.8760000000000001,0.88,20.0,37.3,42.7,14.3,16.5,16.0,8.2,0.0,0.0,41.9,34.5,23.6,21.7,42.9,35.4,32.3,72.3,49.7,66.5,87.3,79.7,43.6,59.9,10.0,90.3,50,9.5,15.140785606060602
7,Francisco Lindor,Indians,158.0,684.0,15.0,99.0,78.0,19.0,8.3,12.9,0.134,0.324,0.301,0.358,0.435,0.34,112.0,1.0,10.8,27.7,6.3,0.7929999999999999,1.74,22.4,49.2,28.4,5.3,9.9,16.0,6.1,0.0,0.0,39.1,35.6,25.3,17.2,55.2,27.5,30.3,69.7,47.3,71.4,90.6,83.6,43.2,59.7,7.7,88.5,22,4.1,11.9500796460177
8,Freddie Freeman,Braves,158.0,693.0,34.0,102.0,91.0,6.0,12.8,24.7,0.267,0.37,0.302,0.4,0.569,0.402,152.0,1.1,45.5,-7.7,6.1,0.969,0.75,29.1,30.3,40.5,5.3,19.9,5.0,3.9,1.0,100.0,36.6,33.6,29.8,12.5,44.0,43.5,32.4,80.7,52.6,60.1,79.4,72.5,41.7,58.0,14.1,91.2,57,13.5,18.592216494845367
9,Adrian Beltre,Rangers,153.0,640.0,32.0,89.0,104.0,1.0,7.5,10.3,0.221,0.293,0.3,0.358,0.521,0.371,130.0,-0.8,22.6,15.2,6.1,0.879,0.95,17.7,40.2,42.1,11.0,14.6,13.0,6.2,0.0,0.0,41.0,34.6,24.4,16.4,48.1,35.6,36.4,66.0,49.2,79.7,89.7,85.5,43.0,60.3,7.1,90.1,44,8.5,20.475302542372887
10,Adam Eaton,White Sox,157.0,706.0,14.0,91.0,59.0,14.0,8.9,16.3,0.144,0.329,0.284,0.362,0.428,0.344,115.0,4.4,16.8,18.0,6.0,0.79,2.08,20.5,53.7,25.8,5.5,11.0,15.0,5.7,12.0,54.5,30.7,31.9,37.4,17.5,51.0,31.5,31.1,66.5,46.7,75.4,90.1,84.6,44.0,60.6,7.2,86.8,16,3.1,9.82821056910569
11,Robinson Cano,Mariners,161.0,715.0,39.0,107.0,103.0,0.0,6.6,14.0,0.235,0.299,0.298,0.35,0.533,0.37,138.0,-1.8,30.5,3.4,6.0,0.883,1.27,18.0,45.9,36.1,8.9,19.3,11.0,4.3,0.0,0.0,38.9,35.2,25.9,17.9,46.6,35.5,37.3,71.4,51.4,71.2,93.2,83.8,41.5,59.7,8.2,90.2,43,7.7,12.054741605839418
12,Brian Dozier,Twins,155.0,691.0,42.0,104.0,99.0,18.0,8.8,20.0,0.278,0.28,0.268,0.34,0.546,0.37,132.0,5.5,31.9,2.3,5.9,0.8860000000000001,0.76,15.9,36.4,47.7,13.2,18.4,19.0,10.9,2.0,33.3,56.4,28.3,15.3,18.2,47.1,34.7,29.1,63.9,43.8,68.8,85.4,79.0,42.2,59.3,9.1,87.5,40,8.3,17.944226415094345
13,Ian Kinsler,Tigers,153.0,679.0,28.0,117.0,83.0,14.0,6.6,16.9,0.196,0.314,0.288,0.348,0.484,0.356,123.0,3.6,22.8,10.6,5.8,0.832,0.71,23.9,31.6,44.5,8.5,12.5,11.0,6.9,2.0,66.7,44.1,35.0,21.0,18.6,47.4,34.0,27.3,64.1,44.9,69.5,92.6,85.2,47.7,61.4,6.6,86.9,20,4.0,17.4147037037037
14,Brandon Crawford,Giants,155.0,623.0,12.0,67.0,84.0,7.0,9.1,18.5,0.156,0.322,0.275,0.342,0.43,0.327,107.0,3.4,8.4,28.0,5.8,0.772,1.18,21.3,42.6,36.1,11.9,7.5,12.0,6.4,0.0,0.0,37.4,38.1,24.4,16.4,48.4,35.2,30.8,78.6,51.4,56.0,84.1,74.5,43.0,56.3,12.9,88.5,25,5.6,8.683702040816328
15,Justin Turner,Dodgers,151.0,622.0,27.0,79.0,90.0,4.0,7.7,17.2,0.218,0.293,0.275,0.339,0.493,0.353,124.0,0.2,18.6,16.0,5.6,0.8320000000000001,0.9,23.9,36.1,40.0,6.6,14.8,7.0,4.2,0.0,0.0,35.2,33.5,31.3,12.0,50.3,37.6,24.4,66.0,44.4,76.6,86.9,84.0,48.1,60.5,7.1,90.6,40,8.8,12.903879629629634
16,Daniel Murphy,Nationals,142.0,582.0,25.0,88.0,104.0,5.0,6.0,9.8,0.249,0.348,0.347,0.39,0.595,0.408,156.0,3.4,43.3,-7.6,5.5,0.985,0.87,21.8,36.3,41.9,8.9,12.4,11.0,6.3,0.0,0.0,41.3,33.0,25.7,12.9,49.0,38.2,33.5,64.8,46.8,79.1,95.6,88.8,42.6,56.0,5.2,90.7,41,8.5,17.146939130434777
17,Kyle Seager,Mariners,158.0,676.0,30.0,89.0,99.0,3.0,10.2,16.0,0.221,0.295,0.278,0.359,0.499,0.363,133.0,-2.0,24.4,6.0,5.5,0.858,0.86,21.9,36.1,42.0,7.3,14.6,3.0,1.7,2.0,66.7,40.1,31.6,28.3,14.7,46.6,38.7,27.0,62.1,42.6,71.2,88.9,82.7,44.4,55.0,7.3,90.1,47,9.6,15.483522935779815
18,Dustin Pedroia,Red Sox,154.0,698.0,15.0,105.0,74.0,7.0,8.7,10.5,0.131,0.339,0.318,0.376,0.449,0.358,120.0,-4.5,12.7,14.8,5.2,0.825,1.83,24.2,49.0,26.8,8.6,9.9,20.0,7.2,0.0,0.0,35.6,33.0,31.4,15.8,52.3,31.9,26.0,60.9,43.1,80.3,92.5,88.8,49.2,58.0,4.8,88.5,14,2.5,5.959084507042255
19,Nolan Arenado,Rockies,160.0,696.0,41.0,116.0,133.0,2.0,9.8,14.8,0.275,0.293,0.294,0.362,0.57,0.386,124.0,-1.1,19.8,8.6,5.2,0.9319999999999999,0.75,18.0,35.2,46.7,11.5,16.8,13.0,7.1,1.0,100.0,45.7,32.1,22.2,14.5,47.6,37.9,34.2,68.6,48.8,70.8,90.1,82.3,42.6,60.1,8.5,89.3,47,9.0,17.807489915966393
20,Anthony Rizzo,Cubs,155.0,676.0,32.0,94.0,109.0,3.0,10.9,16.0,0.252,0.309,0.292,0.385,0.544,0.391,145.0,-2.8,34.6,-5.8,5.2,0.929,0.93,20.3,38.4,41.3,8.6,16.2,5.0,2.7,1.0,100.0,45.6,32.6,21.8,16.7,49.0,34.3,32.2,64.2,45.2,69.8,90.9,82.0,40.5,57.3,8.1,89.0,44,9.2,13.773461538461543
21,Jean Segura,Diamondbacks,153.0,694.0,20.0,102.0,64.0,33.0,5.6,14.6,0.181,0.353,0.319,0.368,0.499,0.371,126.0,5.1,27.7,-1.0,5.0,0.867,1.91,19.1,53.1,27.8,5.4,13.5,27.0,9.5,3.0,33.3,31.4,36.4,32.3,16.2,54.1,29.7,31.2,64.0,46.5,71.3,92.3,84.9,46.9,59.7,7.0,88.2,32,5.9,10.087564516129035
22,Joey Votto,Reds,158.0,677.0,29.0,101.0,97.0,8.0,16.0,17.7,0.225,0.366,0.326,0.434,0.55,0.413,158.0,-2.7,45.7,-18.7,5.0,0.984,1.45,27.3,43.0,29.7,0.0,22.0,4.0,2.1,0.0,0.0,36.9,35.4,27.7,11.9,49.3,38.7,20.8,68.6,42.2,75.8,85.5,82.9,44.7,54.4,7.1,89.5,43,9.7,9.60111313868613
23,Carlos Correa,Astros,153.0,660.0,20.0,76.0,96.0,13.0,11.4,21.1,0.177,0.328,0.274,0.361,0.451,0.349,122.0,4.0,21.1,4.7,4.9,0.812,1.83,22.4,50.1,27.4,6.6,16.5,21.0,9.5,0.0,0.0,39.0,34.7,26.3,16.3,46.5,37.2,29.4,65.1,44.8,64.2,84.5,76.9,42.9,59.9,10.3,90.9,34,7.7,9.929636363636364
24,Miguel Cabrera,Tigers,158.0,679.0,38.0,92.0,108.0,0.0,11.0,17.1,0.247,0.336,0.316,0.393,0.563,0.399,152.0,-10.0,32.8,-8.4,4.9,0.956,1.17,22.7,41.7,35.5,4.7,22.1,4.0,2.0,0.0,0.0,37.8,33.1,29.1,9.7,49.2,41.1,32.9,72.9,49.5,68.3,85.9,79.1,41.7,58.5,10.2,93.6,77,15.9,15.053224137931045
25,Jackie Bradley Jr.,Red Sox,156.0,636.0,26.0,94.0,87.0,9.0,9.9,22.5,0.219,0.312,0.267,0.349,0.486,0.354,118.0,5.2,18.8,6.9,4.8,0.835,1.38,18.4,47.3,34.4,11.1,18.1,12.0,6.1,0.0,0.0,46.0,34.3,19.8,16.0,48.1,36.0,29.1,65.3,45.1,62.7,83.3,75.9,44.5,59.6,10.8,90.1,37,8.8,13.620793103448282
26,Jason Kipnis,Indians,156.0,688.0,23.0,91.0,82.0,15.0,8.7,21.2,0.193,0.324,0.275,0.343,0.469,0.347,117.0,1.1,14.8,9.1,4.8,0.812,1.04,23.7,38.9,37.4,6.9,13.1,8.0,4.4,2.0,25.0,40.8,35.1,24.2,13.5,50.8,35.7,27.5,62.0,43.0,66.9,90.0,81.9,44.9,55.2,7.8,89.1,32,6.7,16.028320952380952
27,Paul Goldschmidt,Diamondbacks,158.0,705.0,24.0,106.0,95.0,32.0,15.6,21.3,0.192,0.358,0.297,0.411,0.489,0.382,134.0,5.4,34.6,-10.4,4.8,0.8999999999999999,1.61,24.7,46.5,28.8,14.3,19.0,10.0,4.9,0.0,0.0,39.1,35.9,24.9,14.2,48.3,37.5,23.0,60.7,39.1,69.6,84.4,79.4,42.6,56.7,7.9,91.0,35,8.0,14.654000000000005
28,Jose Ramirez,Indians,152.0,618.0,11.0,84.0,76.0,22.0,7.1,10.0,0.15,0.333,0.312,0.363,0.462,0.355,122.0,8.8,24.9,0.5,4.8,0.825,1.13,22.8,40.9,36.3,9.8,6.0,11.0,5.3,0.0,0.0,39.0,32.7,28.4,14.4,58.9,26.8,27.7,64.0,43.9,84.4,91.2,88.8,44.7,57.0,4.9,88.0,15,3.0,13.112830882352945
29,Xander Bogaerts,Red Sox,157.0,719.0,21.0,115.0,89.0,13.0,8.1,17.1,0.152,0.335,0.294,0.356,0.446,0.348,113.0,6.1,17.7,4.2,4.7,0.802,1.3,19.6,45.5,34.9,17.8,11.4,23.0,9.5,0.0,0.0,44.6,31.2,24.3,20.5,48.9,30.6,33.8,59.1,45.4,68.4,90.7,81.7,45.5,59.1,8.3,88.8,28,5.3,14.865321739130435
30,Dexter Fowler,Cubs,125.0,551.0,13.0,84.0,48.0,13.0,14.3,22.5,0.171,0.35,0.276,0.393,0.447,0.367,129.0,6.2,25.8,2.7,4.7,0.8400000000000001,1.14,23.8,40.7,35.5,6.8,11.0,9.0,6.7,2.0,40.0,39.5,38.0,22.6,17.5,51.9,30.6,19.4,64.7,39.0,62.2,86.2,79.4,43.4,58.1,8.0,87.3,19,5.6,13.694847826086958
31,Anthony Rendon,Nationals,156.0,647.0,20.0,91.0,85.0,12.0,10.0,18.1,0.18,0.304,0.27,0.348,0.45,0.342,112.0,3.2,12.4,12.9,4.7,0.798,0.82,20.6,35.7,43.8,12.5,10.0,13.0,8.0,0.0,0.0,40.2,30.8,29.0,13.8,49.8,36.5,22.8,64.8,42.7,75.0,88.8,84.9,47.4,62.3,6.4,90.9,27,5.9,24.222559813084118
32,Jonathan Lucroy,- - -,142.0,544.0,24.0,67.0,81.0,5.0,8.6,18.4,0.208,0.322,0.292,0.355,0.5,0.362,123.0,-0.7,14.2,12.5,4.5,0.855,0.96,24.2,37.2,38.7,13.8,15.8,8.0,5.5,0.0,0.0,35.1,37.2,27.7,21.1,43.5,35.4,30.0,57.7,43.1,70.8,88.2,81.8,47.4,57.0,7.8,87.6,30,7.6,14.6544756097561
33,Evan Longoria,Rays,160.0,685.0,36.0,81.0,98.0,0.0,6.1,21.0,0.248,0.298,0.273,0.318,0.521,0.35,123.0,0.1,18.8,2.0,4.5,0.839,0.68,21.4,31.9,46.8,11.6,15.5,13.0,8.2,0.0,0.0,42.9,34.5,22.6,17.1,46.6,36.3,33.7,67.2,48.8,62.6,83.2,75.4,45.2,61.6,11.9,90.7,60,12.1,19.309406504065034
34,George Springer,Astros,162.0,744.0,29.0,116.0,82.0,9.0,11.8,23.9,0.196,0.317,0.261,0.359,0.457,0.353,124.0,-0.4,21.3,-2.9,4.5,0.8160000000000001,1.53,20.3,48.2,31.5,6.1,19.7,14.0,6.2,0.0,0.0,39.0,38.3,22.7,19.5,46.9,33.6,27.2,74.1,47.4,61.8,79.7,73.9,43.1,63.4,12.4,89.4,49,10.5,16.15229126213593
35,David Ortiz,Red Sox,151.0,626.0,38.0,79.0,127.0,2.0,12.8,13.7,0.305,0.312,0.315,0.401,0.62,0.419,163.0,-9.9,37.1,-15.2,4.4,1.021,0.73,22.1,32.8,45.1,7.3,18.4,1.0,0.7,0.0,0.0,48.0,34.1,17.9,12.5,41.7,45.9,29.1,69.9,44.4,70.7,90.5,82.3,37.4,51.9,7.7,92.7,72,15.7,19.424017699115048
36,Cesar Hernandez,Phillies,155.0,622.0,6.0,67.0,39.0,17.0,10.6,18.6,0.099,0.363,0.294,0.371,0.393,0.335,108.0,1.0,7.1,16.1,4.4,0.764,2.65,24.4,54.9,20.7,7.1,7.1,21.0,9.3,15.0,53.6,36.5,34.0,29.5,19.0,55.0,26.0,24.3,68.0,44.3,63.1,89.9,82.0,45.9,58.8,8.0,84.1,8,1.8,3.8067037383177573
37,Brandon Belt,Giants,156.0,655.0,17.0,77.0,82.0,0.0,15.9,22.6,0.199,0.346,0.275,0.394,0.474,0.374,138.0,-2.8,28.0,-6.0,4.4,0.868,0.57,27.8,26.3,46.0,6.0,9.3,5.0,4.8,1.0,50.0,36.2,33.4,30.4,16.6,47.0,36.4,25.5,78.9,47.5,56.4,85.4,76.3,41.2,56.3,11.2,87.1,45,11.3,22.303691666666676
38,Christian Yelich,Marlins,155.0,659.0,21.0,78.0,98.0,9.0,10.9,20.9,0.185,0.356,0.298,0.376,0.483,0.367,130.0,2.5,27.0,-5.3,4.4,0.859,2.82,23.4,56.5,20.0,5.6,23.6,15.0,6.0,1.0,100.0,36.0,35.1,29.0,17.5,44.5,38.0,22.9,64.3,40.5,54.0,88.4,77.3,42.7,55.1,9.2,92.4,43,9.7,5.4759108910891054
39,Nelson Cruz,Mariners,155.0,667.0,43.0,96.0,105.0,2.0,9.3,23.8,0.268,0.32,0.287,0.36,0.555,0.383,147.0,-3.3,34.0,-15.6,4.2,0.915,1.18,18.1,44.4,37.5,8.5,26.2,17.0,8.8,0.0,0.0,40.7,37.3,22.0,16.3,47.4,36.4,30.5,70.7,47.8,53.0,83.3,72.2,42.8,57.7,13.2,94.5,72,16.5,9.11998411214953
40,DJ LeMahieu,Rockies,146.0,635.0,11.0,104.0,66.0,11.0,10.4,12.6,0.147,0.388,0.348,0.416,0.495,0.391,128.0,-0.4,21.5,-0.9,4.2,0.911,2.22,26.6,50.6,22.8,10.2,10.2,11.0,4.6,4.0,33.3,21.8,40.3,37.9,13.2,51.7,35.2,23.9,60.9,41.9,79.4,94.7,90.2,48.6,58.4,4.1,90.5,24,4.9,7.074390291262133
41,Buster Posey,Giants,146.0,614.0,14.0,82.0,80.0,6.0,10.4,11.1,0.147,0.303,0.288,0.362,0.434,0.341,116.0,-3.1,9.1,10.8,4.0,0.796,1.63,21.5,48.6,29.9,4.9,9.8,12.0,5.2,0.0,0.0,35.5,35.3,29.2,15.0,48.9,36.1,29.5,68.1,47.2,78.2,91.5,87.0,45.8,60.6,6.1,90.5,34,7.1,8.171274380165288
42,Ben Zobrist,Cubs,147.0,631.0,18.0,94.0,76.0,6.0,15.2,13.0,0.174,0.29,0.272,0.386,0.446,0.36,124.0,1.7,20.6,-1.5,4.0,0.8320000000000001,1.57,21.6,48.0,30.5,8.2,13.4,11.0,5.2,4.0,44.4,48.3,34.7,16.9,15.4,52.1,32.5,20.5,56.1,35.5,76.7,94.2,88.3,42.0,56.6,4.1,88.2,20,4.5,11.547471910112357
43,Starling Marte,Pirates,129.0,529.0,9.0,71.0,46.0,47.0,4.3,19.7,0.145,0.38,0.311,0.362,0.456,0.351,121.0,7.0,20.7,1.4,4.0,0.8180000000000001,1.7,23.3,48.3,28.4,6.5,8.4,25.0,13.7,4.0,44.4,37.6,37.3,25.1,21.0,44.3,34.7,39.2,74.0,54.1,61.9,86.5,76.3,42.7,60.5,12.7,86.3,21,5.4,16.447339622641508
44,Kole Calhoun,Angels,157.0,672.0,18.0,91.0,75.0,2.0,10.0,17.6,0.167,0.309,0.271,0.348,0.438,0.34,118.0,1.7,16.0,-0.1,4.0,0.786,0.95,22.1,38.0,39.9,6.8,9.4,5.0,2.7,2.0,100.0,41.8,32.6,25.6,16.6,48.0,35.3,30.7,74.8,49.5,57.5,86.8,76.3,42.7,61.8,11.7,89.4,30,6.2,17.35882543859648
45,Addison Russell,Cubs,151.0,598.0,21.0,67.0,95.0,5.0,9.2,22.6,0.179,0.277,0.238,0.321,0.417,0.316,95.0,1.3,-2.4,21.9,3.9,0.738,1.09,21.1,41.2,37.7,15.5,14.2,18.0,11.1,0.0,0.0,44.2,34.1,21.7,23.7,47.0,29.3,31.6,72.8,50.1,60.6,80.6,73.7,45.1,64.1,13.1,87.2,37,9.3,21.56809090909091
46,Charlie Blackmon,Rockies,143.0,641.0,29.0,111.0,82.0,17.0,6.7,15.9,0.228,0.35,0.324,0.381,0.552,0.394,130.0,3.1,26.5,-8.4,3.9,0.933,0.91,27.8,34.4,37.8,7.3,16.2,7.0,4.3,3.0,33.3,43.9,31.3,24.8,19.1,46.6,34.4,34.0,63.8,46.9,74.9,91.5,84.7,43.3,54.6,7.2,86.8,33,6.8,13.327814545454544
47,Edwin Encarnacion,Blue Jays,160.0,702.0,42.0,99.0,127.0,2.0,12.4,19.7,0.266,0.27,0.263,0.357,0.529,0.373,134.0,-2.1,26.9,-13.1,3.9,0.886,0.92,20.4,38.2,41.4,12.3,21.5,15.0,8.3,0.0,0.0,52.2,29.3,18.5,16.8,45.7,37.6,23.8,67.2,42.6,62.6,85.0,77.9,43.3,57.7,9.4,90.9,58,12.3,16.474130088495578
48,Odubel Herrera,Phillies,159.0,656.0,15.0,87.0,49.0,25.0,9.6,20.4,0.134,0.349,0.286,0.361,0.42,0.338,110.0,2.6,10.6,6.1,3.8,0.7809999999999999,1.45,21.6,46.4,32.0,9.9,10.6,30.0,14.6,4.0,44.4,26.7,37.5,35.8,23.8,49.0,27.2,34.6,68.3,48.4,67.3,85.8,78.0,40.9,58.7,10.6,87.0,19,4.2,11.194167676767675
49,Wil Myers,Padres,157.0,676.0,28.0,99.0,94.0,28.0,10.1,23.7,0.202,0.305,0.259,0.336,0.461,0.341,115.0,7.8,20.4,-4.4,3.8,0.797,1.32,21.4,44.7,33.9,6.0,18.7,18.0,9.1,0.0,0.0,38.3,37.8,23.9,16.7,49.8,33.6,26.2,60.3,40.8,69.7,86.5,80.3,42.7,57.8,8.0,88.5,31,7.0,12.831323469387764
50,Carlos Santana,Indians,158.0,688.0,34.0,89.0,87.0,5.0,14.4,14.4,0.239,0.258,0.259,0.366,0.498,0.37,132.0,-0.9,25.6,-12.5,3.7,0.864,1.04,16.0,42.8,41.2,10.9,16.9,8.0,3.8,0.0,0.0,52.9,30.7,16.4,17.8,45.9,36.3,19.8,64.0,39.1,66.5,87.8,81.7,43.7,52.6,7.2,90.8,48,9.8,13.474602564102572
51,Ender Inciarte,Braves,131.0,578.0,3.0,85.0,29.0,16.0,7.8,11.8,0.09,0.329,0.291,0.351,0.381,0.319,97.0,4.3,1.8,14.8,3.6,0.732,1.84,23.7,49.4,26.8,15.7,2.5,16.0,7.2,2.0,20.0,31.9,35.1,33.0,23.0,54.2,22.8,32.8,63.1,46.1,83.3,94.9,90.3,43.7,60.2,4.4,84.4,3,0.7,1.70097906976744
52,Bryce Harper,Nationals,147.0,627.0,24.0,84.0,86.0,21.0,17.2,18.7,0.198,0.264,0.243,0.373,0.441,0.343,112.0,2.4,11.8,2.3,3.5,0.8140000000000001,0.95,17.2,40.4,42.4,8.9,14.3,9.0,5.6,2.0,66.7,39.4,34.3,26.3,19.8,46.1,34.1,27.0,68.2,42.7,66.3,87.4,79.2,38.2,50.7,8.6,88.6,30,7.5,13.673306593406592
53,J.T. Realmuto,Marlins,137.0,545.0,11.0,60.0,48.0,12.0,5.1,18.3,0.126,0.357,0.303,0.343,0.428,0.333,107.0,1.2,6.2,10.3,3.5,0.771,1.62,20.4,49.3,30.3,16.0,8.8,22.0,10.8,0.0,0.0,41.0,34.5,24.5,21.1,49.0,29.9,32.5,66.4,48.1,70.7,89.1,82.4,46.0,63.3,8.5,88.6,17,4.1,10.412080459770113
54,Wilson Ramos,Nationals,131.0,523.0,22.0,58.0,80.0,0.0,6.7,15.1,0.189,0.327,0.307,0.354,0.496,0.361,124.0,-6.9,8.7,8.4,3.5,0.85,2.15,20.4,54.3,25.3,5.8,21.4,15.0,6.8,0.0,0.0,38.3,34.2,27.5,17.9,46.7,35.4,30.2,73.2,50.3,68.3,88.4,81.9,46.7,60.8,9.1,90.7,31,7.6,5.958128749999998
55,Ian Desmond,Rangers,156.0,677.0,22.0,107.0,86.0,21.0,6.5,23.6,0.162,0.35,0.285,0.335,0.446,0.336,106.0,5.7,10.5,-0.8,3.3,0.781,2.06,20.6,53.4,26.0,9.1,18.2,19.0,7.6,1.0,50.0,31.2,38.0,30.8,20.5,49.2,30.3,30.8,64.0,46.5,55.6,83.4,73.7,47.2,65.7,12.2,90.5,35,7.5,7.144972380952379
56,Martin Prado,Marlins,153.0,658.0,8.0,70.0,75.0,2.0,7.4,10.5,0.112,0.331,0.305,0.359,0.417,0.335,109.0,-1.7,5.4,5.5,3.2,0.776,1.72,24.9,47.5,27.7,4.1,5.4,13.0,5.1,0.0,0.0,34.5,38.8,26.7,16.4,55.2,28.4,27.3,53.5,39.8,81.5,96.0,90.8,47.8,64.0,3.6,87.8,7,1.3,11.463517499999995
57,Ryan Braun,Brewers,135.0,564.0,30.0,80.0,91.0,16.0,8.2,17.4,0.233,0.326,0.305,0.365,0.538,0.378,133.0,-0.4,22.5,-8.8,3.2,0.903,2.22,19.3,55.7,25.1,7.7,28.8,21.0,9.1,0.0,0.0,35.6,37.0,27.4,17.8,47.8,34.4,36.2,74.4,51.8,68.0,89.5,80.6,40.8,59.4,9.9,89.9,35,8.4,3.9243632653061216
58,Kevin Pillar,Blue Jays,146.0,584.0,7.0,59.0,53.0,14.0,4.1,15.4,0.109,0.306,0.266,0.303,0.376,0.295,80.0,1.8,-11.9,23.6,3.2,0.679,1.34,20.5,45.6,33.9,15.6,4.5,15.0,7.2,5.0,50.0,39.0,31.5,29.5,24.8,48.1,27.2,37.1,62.3,48.9,69.9,90.5,82.2,47.0,64.7,8.7,86.1,14,3.0,8.119525510204083
59,Matt Carpenter,Cardinals,129.0,566.0,21.0,81.0,68.0,0.0,14.3,19.1,0.235,0.307,0.271,0.38,0.505,0.375,135.0,-3.1,21.6,-8.7,3.2,0.885,0.71,26.2,30.6,43.2,4.4,13.3,3.0,2.7,1.0,16.7,48.1,32.8,19.1,10.0,48.1,41.9,22.6,58.8,38.6,63.1,92.1,82.6,44.3,55.8,6.7,89.7,42,11.3,17.886336538461528
60,Yoenis Cespedes,Mets,132.0,543.0,31.0,72.0,86.0,3.0,9.4,19.9,0.251,0.298,0.28,0.354,0.53,0.369,134.0,-0.2,22.8,-9.2,3.2,0.884,0.9,21.5,37.1,41.4,11.5,19.9,8.0,5.7,0.0,0.0,39.3,36.9,23.9,15.4,45.4,39.3,34.6,65.8,47.6,66.1,87.2,78.3,41.6,59.3,10.2,91.7,37,9.8,20.91374999999999
61,Jonathan Villar,Brewers,156.0,679.0,19.0,92.0,63.0,62.0,11.6,25.6,0.171,0.373,0.285,0.369,0.457,0.356,118.0,3.2,18.3,-10.4,3.0,0.8260000000000001,2.31,20.3,55.6,24.1,11.3,19.6,22.0,9.8,7.0,33.3,32.3,41.8,25.9,20.5,44.3,35.1,24.1,66.2,43.0,57.5,83.1,75.2,44.9,57.3,10.6,87.7,28,6.6,9.888441176470588
62,Asdrubal Cabrera,Mets,141.0,568.0,23.0,65.0,62.0,5.0,6.7,18.1,0.194,0.31,0.28,0.336,0.474,0.345,119.0,-3.7,9.2,1.8,3.0,0.81,0.95,22.9,37.4,39.6,6.7,14.0,8.0,5.2,3.0,50.0,51.2,27.1,21.7,14.5,48.8,36.7,32.8,73.4,50.5,62.8,88.4,79.1,43.7,59.7,10.5,88.2,24,5.7,17.675208403361353
63,Troy Tulowitzki,Blue Jays,131.0,544.0,24.0,54.0,79.0,1.0,7.9,18.6,0.189,0.272,0.254,0.318,0.443,0.327,102.0,-2.7,-1.2,10.4,2.8,0.761,1.01,19.2,40.5,40.3,11.9,15.1,7.0,4.4,0.0,0.0,45.3,32.2,22.5,15.4,50.4,34.2,28.4,63.5,44.5,72.1,85.8,81.1,45.8,59.4,8.4,90.0,38,9.6,12.955349593495937
64,Adam Duvall,Reds,150.0,608.0,33.0,85.0,103.0,6.0,6.7,27.0,0.257,0.275,0.241,0.297,0.498,0.333,104.0,0.8,4.0,4.4,2.8,0.7949999999999999,0.72,19.4,33.8,46.7,8.1,17.8,10.0,7.5,0.0,0.0,49.5,31.1,19.4,16.4,44.7,38.9,34.1,69.7,49.8,57.1,85.9,74.8,44.0,63.8,12.5,88.6,48,12.1,21.21850666666667
65,Logan Forsythe,Rays,127.0,567.0,20.0,76.0,52.0,6.0,8.1,22.4,0.18,0.314,0.264,0.333,0.444,0.336,113.0,0.3,9.2,-1.5,2.8,0.777,1.19,22.8,42.0,35.2,8.1,14.7,12.0,7.4,0.0,0.0,39.1,32.9,28.0,11.7,52.3,36.0,22.1,58.7,39.6,64.7,85.4,79.4,47.7,62.8,8.2,90.0,29,7.5,15.665990476190476
66,Stephen Piscotty,Cardinals,153.0,649.0,22.0,86.0,85.0,7.0,7.9,20.5,0.184,0.319,0.273,0.343,0.457,0.345,115.0,-3.4,8.9,-2.6,2.8,0.8,1.2,20.2,43.6,36.2,9.2,13.5,25.0,12.8,1.0,50.0,42.3,31.9,25.9,15.9,52.0,32.1,33.1,75.4,52.3,60.7,84.5,76.3,45.5,62.4,12.4,88.1,39,8.6,19.287458333333337
67,Chris Davis,Orioles,157.0,665.0,38.0,99.0,84.0,1.0,13.2,32.9,0.239,0.279,0.221,0.332,0.459,0.34,111.0,4.3,13.1,-8.9,2.7,0.791,0.84,19.8,36.5,43.7,5.9,25.0,4.0,3.1,1.0,50.0,41.7,35.7,22.6,12.9,46.9,40.3,28.2,64.1,42.7,49.4,76.3,65.7,40.5,58.1,14.6,90.8,53,15.1,16.229402298850577
68,Eduardo Nunez,- - -,141.0,595.0,16.0,73.0,67.0,40.0,4.9,14.8,0.145,0.314,0.288,0.325,0.432,0.324,102.0,2.8,3.9,2.6,2.7,0.757,1.46,16.6,49.6,33.8,12.7,10.2,22.0,9.6,3.0,33.3,35.0,35.4,29.7,20.6,51.7,27.8,38.6,70.4,53.0,76.5,91.1,85.2,45.2,63.7,7.8,88.6,21,4.4,8.258696629213482
69,Didi Gregorius,Yankees,153.0,597.0,20.0,68.0,70.0,7.0,3.2,13.7,0.171,0.29,0.276,0.304,0.447,0.319,98.0,3.6,2.0,3.8,2.7,0.751,0.99,19.6,40.1,40.3,10.9,10.4,12.0,6.3,5.0,45.5,37.6,33.1,29.4,19.6,55.9,24.5,40.1,74.8,55.4,71.7,90.6,82.9,44.0,61.8,9.4,85.0,14,2.9,18.645433884297514
70,Curtis Granderson,Mets,150.0,633.0,30.0,88.0,59.0,4.0,11.7,20.5,0.228,0.254,0.237,0.335,0.464,0.339,114.0,2.1,13.2,-7.6,2.6,0.799,0.86,21.5,36.4,42.1,4.5,17.0,3.0,2.0,0.0,0.0,43.6,36.7,19.8,15.7,47.4,36.9,20.9,58.1,36.6,59.9,89.5,79.7,42.2,55.0,7.4,87.6,30,7.1,22.37794444444444
71,Chase Headley,Yankees,140.0,529.0,14.0,58.0,51.0,8.0,9.6,22.3,0.133,0.303,0.251,0.329,0.383,0.311,92.0,3.9,-1.0,8.5,2.6,0.712,1.38,23.8,44.2,32.0,6.2,12.4,7.0,4.5,1.0,100.0,41.5,33.9,24.6,17.2,51.4,31.4,27.7,66.1,44.0,58.9,87.3,77.0,42.4,59.4,10.1,87.1,21,5.9,11.547603614457826
72,Hanley Ramirez,Red Sox,147.0,620.0,30.0,81.0,111.0,9.0,9.7,19.4,0.219,0.315,0.286,0.361,0.505,0.367,127.0,-1.4,18.6,-14.5,2.6,0.866,1.47,18.8,48.4,32.9,12.0,21.1,15.0,7.2,0.0,0.0,37.9,36.3,25.9,22.6,40.2,37.2,30.4,68.1,46.8,62.0,86.9,77.8,43.5,61.1,10.3,90.2,45,10.4,12.2256862745098
73,Khris Davis,Athletics,150.0,610.0,42.0,85.0,102.0,1.0,6.9,27.2,0.277,0.27,0.247,0.307,0.524,0.349,123.0,-2.9,14.0,-10.0,2.5,0.831,1.06,17.0,42.7,40.2,5.1,26.6,11.0,6.5,0.0,0.0,38.6,36.0,25.4,14.7,46.2,39.1,31.3,76.7,52.0,51.5,76.2,68.2,45.7,63.9,16.6,91.8,67,17.0,15.156924999999992
74,Gregory Polanco,Pirates,144.0,587.0,22.0,79.0,86.0,17.0,9.0,20.3,0.205,0.291,0.258,0.323,0.463,0.331,108.0,0.4,6.0,0.1,2.5,0.786,1.05,24.0,38.8,37.1,11.1,14.4,8.0,5.0,1.0,33.3,49.2,28.2,22.7,18.3,46.0,35.7,31.0,70.1,46.2,66.8,91.5,81.4,38.8,53.5,8.5,89.6,25,6.0,16.240905825242727
75,Jake Lamb,Diamondbacks,151.0,594.0,29.0,81.0,91.0,6.0,10.8,25.9,0.26,0.294,0.249,0.332,0.509,0.352,114.0,4.5,14.7,-9.0,2.5,0.841,1.25,17.4,45.8,36.7,6.6,21.2,13.0,7.6,0.0,0.0,43.2,34.3,22.5,13.9,46.7,39.4,27.8,65.3,43.9,52.9,83.8,72.7,43.1,54.0,11.9,91.3,44,11.8,16.626321428571437
77,Marcus Semien,Athletics,159.0,621.0,27.0,72.0,75.0,10.0,8.2,22.4,0.197,0.268,0.238,0.3,0.435,0.315,100.0,-0.3,-0.6,3.4,2.5,0.735,0.92,17.7,39.4,42.9,6.5,14.7,12.0,7.1,0.0,0.0,42.5,35.5,22.0,16.5,55.0,28.5,27.3,66.4,45.6,64.3,84.6,78.1,46.8,57.0,10.0,87.8,29,6.7,18.875773584905666
78,Brett Gardner,Yankees,148.0,634.0,7.0,80.0,41.0,16.0,11.0,16.7,0.101,0.31,0.261,0.351,0.362,0.317,97.0,7.3,4.9,-2.6,2.4,0.713,1.93,20.7,52.3,27.0,10.1,5.9,14.0,6.1,5.0,50.0,33.6,38.2,28.2,16.9,57.3,25.8,24.0,54.1,36.8,75.7,92.0,85.9,42.5,52.4,5.2,85.4,11,2.4,10.347774380165285
79,Marcell Ozuna,Marlins,148.0,608.0,23.0,75.0,76.0,0.0,7.1,18.9,0.187,0.296,0.266,0.321,0.452,0.33,105.0,-0.8,2.9,1.6,2.4,0.773,1.2,19.5,43.9,36.5,9.2,14.1,15.0,7.7,0.0,0.0,37.7,39.2,23.1,17.3,45.3,37.4,32.9,66.5,47.1,58.8,86.3,75.2,42.2,63.2,11.6,90.7,35,7.8,7.811010256410257
80,Yadier Molina,Cardinals,147.0,581.0,8.0,56.0,58.0,3.0,6.7,10.8,0.12,0.335,0.307,0.36,0.427,0.342,113.0,-8.7,0.7,4.7,2.4,0.7869999999999999,1.63,21.9,48.4,29.7,5.0,5.7,9.0,3.9,0.0,0.0,37.6,34.5,27.9,15.6,53.3,31.1,36.0,72.7,53.4,81.4,89.6,86.7,47.3,62.5,7.1,87.6,17,3.6,11.134579831932774
81,Todd Frazier,White Sox,158.0,666.0,40.0,89.0,98.0,15.0,9.6,24.5,0.239,0.236,0.225,0.302,0.464,0.326,102.0,0.8,2.7,-2.1,2.4,0.766,0.73,15.7,35.6,48.7,18.5,19.0,6.0,3.9,1.0,50.0,48.7,28.5,22.8,20.7,48.1,31.3,32.6,65.6,46.7,60.2,81.9,73.3,42.8,60.7,12.5,88.8,44,10.1,22.175364545454542
82,Freddy Galvis,Phillies,158.0,624.0,20.0,61.0,67.0,17.0,4.0,21.8,0.158,0.28,0.241,0.274,0.399,0.284,74.0,1.2,-18.7,22.0,2.4,0.673,1.1,23.5,40.1,36.4,6.9,12.5,8.0,4.5,4.0,20.0,41.6,36.0,22.4,16.8,56.4,26.8,40.4,68.2,52.7,70.8,88.5,81.0,44.2,59.8,9.9,85.2,14,3.0,12.835767741935479
83,Carlos Beltran,- - -,151.0,593.0,29.0,73.0,93.0,1.0,5.9,17.0,0.217,0.315,0.295,0.337,0.513,0.358,124.0,-3.9,13.1,-10.8,2.3,0.8500000000000001,1.14,20.9,42.1,37.0,11.3,17.3,13.0,6.8,1.0,100.0,47.7,29.9,22.4,15.0,49.2,35.8,31.2,66.2,46.0,69.2,91.3,82.7,42.3,58.5,7.9,90.1,32,7.0,7.356563963963963
84,Leonys Martin,Mariners,143.0,576.0,15.0,72.0,47.0,24.0,7.6,25.9,0.131,0.313,0.247,0.306,0.378,0.298,88.0,4.6,-3.8,5.8,2.2,0.6839999999999999,1.17,19.9,43.2,36.8,11.3,11.3,11.0,7.1,7.0,36.8,45.8,31.3,22.9,22.1,48.4,29.5,33.0,68.8,49.2,56.0,81.2,71.9,45.3,65.3,13.8,85.4,20,5.3,8.569076923076924
85,Salvador Perez,Royals,139.0,546.0,22.0,57.0,64.0,0.0,4.0,21.8,0.191,0.28,0.247,0.288,0.438,0.308,88.0,-4.1,-11.8,14.7,2.2,0.726,0.73,18.4,34.5,47.1,15.5,11.8,4.0,2.9,0.0,0.0,47.4,32.0,20.7,22.2,44.1,33.8,44.2,70.1,55.2,65.8,90.4,79.0,42.2,66.9,11.5,88.8,25,6.3,18.27274659090909
86,Mark Trumbo,Orioles,159.0,667.0,47.0,94.0,108.0,2.0,7.6,25.5,0.277,0.278,0.256,0.316,0.533,0.358,123.0,-2.0,16.7,-18.3,2.2,0.849,0.92,17.4,39.5,43.1,12.6,24.6,10.0,5.7,0.0,0.0,42.0,34.1,23.9,19.2,41.5,39.3,33.8,69.9,49.4,57.3,82.0,72.4,43.2,63.6,13.6,92.7,70,15.8,14.001951923076923
87,Joe Panik,Giants,127.0,526.0,10.0,67.0,62.0,5.0,9.5,8.9,0.14,0.245,0.239,0.315,0.379,0.3,89.0,2.2,-5.2,9.3,2.1,0.694,1.23,17.5,45.5,37.0,9.6,6.4,7.0,3.6,1.0,33.3,34.8,39.3,25.9,20.7,53.7,25.7,23.1,65.0,41.7,78.9,94.9,90.0,44.5,56.1,4.2,86.2,21,4.9,8.694750000000003
88,Elvis Andrus,Rangers,147.0,568.0,8.0,75.0,69.0,24.0,8.3,12.3,0.136,0.333,0.302,0.362,0.439,0.344,112.0,1.8,9.9,-8.7,2.1,0.8009999999999999,1.67,23.8,47.7,28.5,7.1,6.3,18.0,8.5,1.0,20.0,42.7,34.7,22.6,17.7,55.3,27.1,26.9,61.4,43.2,71.9,91.5,85.0,47.2,64.1,6.4,86.9,8,1.8,11.822185869565217
89,Angel Pagan,Giants,129.0,543.0,12.0,71.0,55.0,15.0,7.7,12.2,0.141,0.298,0.277,0.331,0.418,0.324,105.0,1.9,4.9,-1.8,2.1,0.749,1.32,25.1,42.6,32.3,9.4,8.6,12.0,6.6,2.0,100.0,40.1,33.1,26.9,20.4,55.3,24.3,24.7,59.8,40.5,81.1,93.9,89.6,45.1,57.8,4.2,85.6,13,3.0,10.863511450381681
90,Jose Iglesias,Tigers,137.0,513.0,4.0,57.0,32.0,7.0,5.5,9.7,0.081,0.276,0.255,0.306,0.336,0.283,73.0,1.8,-14.8,17.6,2.1,0.642,1.82,20.3,51.4,28.3,13.7,3.4,24.0,11.3,4.0,30.8,38.2,31.2,30.7,26.5,55.3,18.3,36.1,53.6,44.1,83.8,96.9,91.1,45.7,60.4,3.9,82.4,3,0.7,7.666462500000004
91,Jacoby Ellsbury,Yankees,148.0,626.0,9.0,71.0,56.0,20.0,8.6,13.4,0.111,0.295,0.263,0.33,0.374,0.308,91.0,2.7,-4.2,2.7,2.0,0.704,1.5,22.8,46.4,30.9,13.8,6.2,11.0,5.0,0.0,0.0,39.2,37.8,23.0,22.2,51.3,26.6,27.8,67.3,46.0,65.3,93.6,84.4,46.1,62.6,7.2,86.5,8,1.7,13.252249107142854
92,Chase Utley,Dodgers,138.0,565.0,14.0,79.0,52.0,2.0,7.1,20.4,0.145,0.299,0.252,0.319,0.396,0.312,97.0,1.3,-1.1,2.7,2.0,0.7150000000000001,1.31,22.3,44.1,33.7,9.0,10.5,7.0,4.0,2.0,50.0,47.1,34.1,18.8,14.5,47.9,37.6,22.2,59.7,40.2,63.8,89.8,82.3,47.9,59.3,7.1,87.2,17,4.3,10.40042682926829
93,Jonathan Schoop,Orioles,162.0,647.0,25.0,82.0,82.0,1.0,3.2,21.2,0.187,0.305,0.267,0.298,0.454,0.32,97.0,-0.5,-2.5,0.1,2.0,0.752,1.3,19.8,45.3,34.9,14.3,14.9,18.0,8.3,0.0,0.0,44.7,31.0,24.3,25.4,48.0,26.6,43.0,81.4,60.2,55.8,84.4,73.1,44.8,66.2,16.2,87.3,32,6.7,8.981078260869564
94,Brad Miller,Rays,152.0,601.0,30.0,73.0,81.0,6.0,7.8,24.8,0.239,0.277,0.243,0.304,0.482,0.333,111.0,1.6,9.7,-10.9,2.0,0.786,1.22,18.5,44.8,36.8,9.5,20.4,12.0,6.7,1.0,50.0,42.5,32.8,24.6,22.6,42.3,35.1,32.4,71.6,49.1,65.2,81.8,75.6,42.7,60.9,12.0,90.3,39,9.7,17.209444086021506
95,Rougned Odor,Rangers,150.0,632.0,33.0,89.0,88.0,14.0,3.0,21.4,0.231,0.297,0.271,0.296,0.502,0.336,106.0,4.1,8.7,-11.0,2.0,0.798,0.95,17.6,40.2,42.2,8.2,17.0,12.0,6.5,10.0,71.4,47.3,33.5,19.2,15.4,49.2,35.4,41.8,71.3,54.3,65.0,88.2,77.9,42.5,61.4,12.0,88.2,37,7.8,17.199226530612243
96,Russell Martin,Blue Jays,137.0,535.0,20.0,62.0,74.0,2.0,12.0,27.7,0.167,0.291,0.231,0.335,0.398,0.322,99.0,-1.7,-2.4,2.7,1.9,0.7330000000000001,1.31,17.9,46.5,35.6,13.5,18.0,5.0,3.4,0.0,0.0,37.4,36.7,25.9,18.9,47.6,33.6,21.4,59.1,38.9,53.3,80.1,72.2,46.5,55.9,10.8,89.0,29,9.3,10.914462650602411
97,Carlos Gonzalez,Rockies,150.0,632.0,25.0,87.0,100.0,2.0,7.3,20.4,0.207,0.346,0.298,0.35,0.505,0.361,108.0,-1.4,4.7,-6.5,1.9,0.855,1.42,21.3,46.2,32.5,8.1,16.9,20.0,9.5,0.0,0.0,37.1,37.5,25.4,20.2,42.8,37.1,36.4,74.4,51.6,56.8,82.1,71.4,39.9,57.3,14.7,90.1,40,8.8,12.5844313559322
98,J.D. Martinez,Tigers,120.0,517.0,22.0,69.0,68.0,1.0,9.5,24.8,0.228,0.378,0.307,0.373,0.535,0.384,142.0,-3.4,22.8,-22.6,1.8,0.908,1.17,21.4,42.4,36.2,4.1,18.0,9.0,6.3,0.0,0.0,40.4,35.9,23.7,10.7,48.4,41.0,33.2,77.1,52.5,52.4,84.5,73.2,44.0,61.5,14.1,91.4,48,14.2,13.899329896907215
99,Stephen Vogt,Athletics,137.0,532.0,14.0,54.0,56.0,0.0,6.6,15.6,0.155,0.275,0.251,0.305,0.406,0.305,93.0,0.8,-3.9,3.4,1.8,0.7110000000000001,0.65,23.2,30.3,46.5,10.5,7.4,10.0,8.1,1.0,100.0,36.6,34.6,28.8,21.0,52.2,26.8,32.5,61.1,45.4,73.5,90.8,84.0,45.2,59.6,7.3,85.8,21,5.1,22.01538679245283
100,Danny Espinosa,Nationals,157.0,601.0,24.0,66.0,72.0,9.0,9.0,29.0,0.169,0.261,0.209,0.306,0.378,0.294,79.0,5.1,-10.5,8.3,1.7,0.6839999999999999,0.9,18.2,38.8,43.1,12.1,17.1,5.0,4.0,9.0,32.1,52.7,29.8,17.6,18.1,48.4,33.4,33.2,69.6,48.6,50.6,80.6,68.8,42.3,54.4,14.9,86.3,32,9.1,14.185138888888895
101,Eugenio Suarez,Reds,159.0,627.0,21.0,78.0,70.0,11.0,8.1,24.7,0.163,0.304,0.248,0.317,0.411,0.316,93.0,-1.0,-6.3,2.8,1.7,0.728,1.07,21.6,40.5,37.9,7.7,13.5,8.0,4.8,0.0,0.0,39.5,35.1,25.4,17.2,47.9,34.9,26.6,64.1,43.4,60.1,86.4,77.5,44.8,59.2,9.8,86.6,27,6.5,17.555149999999998
102,Jose Abreu,White Sox,159.0,695.0,25.0,67.0,100.0,0.0,6.8,18.0,0.175,0.327,0.293,0.353,0.468,0.349,118.0,-5.7,9.4,-17.3,1.6,0.821,1.37,21.3,45.5,33.3,11.2,14.8,17.0,7.4,0.0,0.0,36.0,34.1,29.9,20.3,47.1,32.7,39.7,69.3,51.6,65.9,87.5,77.6,40.2,59.3,11.5,89.6,41,8.1,13.743611023622046
103,Jason Heyward,Cubs,142.0,592.0,7.0,61.0,49.0,11.0,9.1,15.7,0.094,0.266,0.23,0.306,0.325,0.282,72.0,2.0,-18.5,15.4,1.6,0.631,1.39,20.5,46.2,33.3,14.4,4.8,15.0,7.4,0.0,0.0,40.7,36.6,22.7,27.1,46.6,26.4,26.1,60.0,41.3,75.1,91.0,85.5,44.8,55.1,6.0,86.7,12,2.7,13.678287128712876
104,Yunel Escobar,Angels,132.0,567.0,5.0,68.0,39.0,0.0,7.1,11.8,0.087,0.339,0.304,0.355,0.391,0.327,108.0,-5.6,0.2,-3.9,1.6,0.746,2.8,21.2,58.1,20.8,5.3,5.3,15.0,5.7,1.0,25.0,33.7,42.5,23.9,17.1,55.8,27.1,27.3,73.0,48.6,65.0,93.4,84.8,46.5,64.7,7.4,88.8,13,2.8,-2.699460317460317
105,Melky Cabrera,White Sox,151.0,646.0,14.0,70.0,86.0,2.0,7.3,10.7,0.159,0.314,0.296,0.345,0.455,0.342,114.0,-3.5,7.2,-14.0,1.6,0.8,1.23,21.9,43.2,35.0,9.8,7.6,6.0,2.6,0.0,0.0,38.7,32.8,28.5,18.5,52.8,28.7,34.8,68.6,49.1,80.1,92.9,87.6,42.1,55.4,6.1,89.2,11,2.1,16.35639850746269
106,Corey Dickerson,Rays,148.0,548.0,24.0,57.0,70.0,0.0,6.0,24.5,0.224,0.285,0.245,0.293,0.469,0.319,101.0,-1.2,-0.4,-3.6,1.5,0.762,0.84,17.5,37.6,45.0,11.2,14.1,8.0,5.6,0.0,0.0,32.5,33.6,33.9,18.3,50.0,31.8,44.0,76.0,56.4,69.6,76.7,73.3,38.9,62.4,14.9,89.0,42,11.1,20.776889908256873
107,Travis Shaw,Red Sox,145.0,530.0,16.0,63.0,71.0,5.0,8.1,25.1,0.179,0.299,0.242,0.306,0.421,0.31,87.0,-1.4,-9.5,6.1,1.5,0.727,0.81,19.1,36.3,44.6,9.6,10.3,7.0,5.5,0.0,0.0,39.3,33.9,26.8,21.9,44.7,33.3,32.7,68.6,48.0,65.6,85.3,77.6,42.6,57.4,10.7,88.5,28,8.0,14.490661290322574
108,Josh Harrison,Pirates,131.0,522.0,4.0,57.0,59.0,19.0,3.4,14.6,0.105,0.323,0.283,0.311,0.388,0.301,87.0,3.2,-5.0,2.9,1.5,0.6990000000000001,1.22,19.5,44.3,36.3,5.4,2.7,17.0,9.3,6.0,50.0,40.7,33.3,26.0,17.3,55.1,27.7,37.1,72.5,54.3,77.9,84.6,82.2,48.5,65.7,9.7,85.2,10,2.4,12.975256521739128
109,Denard Span,Giants,143.0,637.0,11.0,70.0,53.0,12.0,8.3,12.4,0.115,0.291,0.266,0.331,0.381,0.312,96.0,2.8,0.0,-6.1,1.4,0.712,2.13,22.6,52.7,24.7,8.3,9.2,11.0,4.3,7.0,46.7,37.7,38.3,24.0,23.0,52.3,24.8,26.4,64.7,44.0,73.4,94.4,87.5,46.0,58.7,5.5,84.7,14,2.8,10.210743689320392
110,Maikel Franco,Phillies,152.0,630.0,25.0,67.0,88.0,1.0,6.3,16.8,0.172,0.271,0.255,0.306,0.427,0.311,92.0,-1.2,-7.3,1.3,1.4,0.733,1.25,20.0,44.5,35.5,17.1,14.7,17.0,8.0,0.0,0.0,45.5,34.7,19.8,21.5,47.8,30.7,34.5,74.4,52.1,61.5,86.3,77.1,44.0,61.3,11.8,89.6,34,7.1,10.678899999999997
111,Michael Saunders,Blue Jays,140.0,558.0,24.0,70.0,57.0,1.0,10.6,28.1,0.224,0.321,0.253,0.338,0.478,0.348,117.0,-0.9,10.3,-15.3,1.4,0.8160000000000001,1.11,22.5,40.7,36.8,6.5,19.5,7.0,5.1,2.0,66.7,41.3,33.2,25.5,16.0,46.6,37.4,25.8,69.9,44.7,50.0,84.4,73.0,42.8,55.0,12.0,89.6,28,8.3,7.946004838709678
112,Justin Upton,Tigers,153.0,626.0,31.0,81.0,87.0,9.0,8.0,28.6,0.219,0.301,0.246,0.31,0.465,0.329,105.0,1.6,5.2,-12.8,1.4,0.775,0.9,18.3,38.7,43.0,11.2,18.3,4.0,2.6,0.0,0.0,39.2,36.4,24.4,21.1,41.0,37.9,25.7,65.9,44.1,56.9,78.5,71.7,45.8,55.6,12.4,91.4,49,12.5,15.918787234042556
113,Adam Jones,Orioles,152.0,672.0,29.0,86.0,83.0,2.0,5.8,17.1,0.171,0.28,0.265,0.31,0.436,0.319,96.0,1.6,-1.5,-7.8,1.4,0.746,1.06,16.5,42.9,40.6,8.3,14.1,16.0,7.3,1.0,20.0,40.4,36.1,23.6,19.1,48.3,32.6,44.8,82.8,60.6,61.2,85.6,75.1,41.6,63.1,15.1,88.3,41,8.0,17.41248739495799
114,Jose Bautista,Blue Jays,116.0,517.0,22.0,68.0,69.0,2.0,16.8,19.9,0.217,0.255,0.234,0.366,0.452,0.355,122.0,-5.2,8.1,-12.4,1.4,0.8180000000000001,0.95,18.8,39.5,41.7,17.8,16.3,4.0,3.1,0.0,0.0,52.8,31.5,15.7,21.3,37.7,41.1,20.2,58.7,36.6,60.4,89.4,80.2,42.5,56.1,7.2,91.6,29,9.0,14.70395977011494
115,Adrian Gonzalez,Dodgers,156.0,633.0,18.0,69.0,90.0,0.0,8.7,18.5,0.15,0.328,0.285,0.349,0.435,0.334,112.0,-4.9,4.3,-11.8,1.3,0.784,1.68,26.4,46.2,27.5,4.8,14.4,9.0,4.3,1.0,50.0,38.1,34.1,27.8,16.2,51.0,32.8,32.1,73.3,48.7,66.7,87.1,79.0,40.2,56.1,10.1,88.1,21,4.6,10.811800000000003
116,Jordy Mercer,Pirates,149.0,584.0,11.0,66.0,59.0,1.0,8.7,14.2,0.118,0.286,0.256,0.328,0.374,0.304,89.0,3.6,-4.2,-2.0,1.3,0.702,1.53,19.7,48.5,31.8,12.2,7.9,12.0,5.7,1.0,12.5,33.9,36.6,29.4,18.0,56.9,25.2,27.8,61.8,43.8,73.0,92.5,86.0,47.0,61.6,6.1,86.1,10,2.2,12.41102307692308
117,Alex Gordon,Royals,128.0,506.0,17.0,62.0,40.0,8.0,10.3,29.2,0.16,0.288,0.22,0.312,0.38,0.303,85.0,0.7,-8.5,3.2,1.2,0.692,1.0,24.2,37.9,37.9,5.3,15.0,6.0,5.3,0.0,0.0,44.6,32.9,22.5,16.1,47.0,36.9,24.9,68.1,43.7,48.7,83.1,72.0,43.5,59.5,12.2,87.9,26,8.7,15.053818888888893
118,Nomar Mazara,Rangers,145.0,568.0,20.0,59.0,64.0,0.0,6.9,19.7,0.153,0.299,0.266,0.32,0.419,0.318,94.0,-3.3,-7.5,-0.2,1.2,0.739,1.65,21.4,48.9,29.7,8.2,16.4,13.0,6.5,0.0,0.0,37.2,35.3,27.5,20.7,50.6,28.7,33.4,61.3,44.7,68.9,90.3,80.7,40.3,58.1,8.6,88.0,28,6.8,7.795863291139238
119,Melvin Upton Jr.,- - -,149.0,539.0,20.0,64.0,61.0,27.0,6.9,28.8,0.165,0.3,0.238,0.291,0.402,0.297,84.0,5.7,-4.5,-1.5,1.2,0.6930000000000001,1.43,17.6,48.5,33.8,6.1,17.4,11.0,6.7,0.0,0.0,34.1,36.7,29.2,18.1,51.9,30.0,30.4,71.4,50.1,55.3,73.7,67.9,48.0,65.5,16.1,88.0,21,6.1,7.383620689655172
120,Danny Valencia,Athletics,130.0,517.0,17.0,72.0,51.0,1.0,7.9,22.2,0.159,0.346,0.287,0.346,0.446,0.342,118.0,-1.5,9.7,-16.2,1.1,0.792,1.41,23.2,45.0,31.8,14.0,14.9,10.0,6.2,0.0,0.0,39.9,34.4,25.7,18.4,50.0,31.6,29.9,62.4,44.1,51.8,85.8,72.8,43.7,59.2,12.0,89.9,28,7.8,13.435913580246911
121,Nick Markakis,Braves,158.0,684.0,13.0,67.0,89.0,0.0,10.4,14.8,0.129,0.3,0.269,0.346,0.397,0.321,98.0,-2.4,-4.2,-6.5,1.1,0.743,1.22,21.9,43.0,35.1,6.7,7.3,10.0,4.6,0.0,0.0,33.5,37.3,29.2,14.0,53.1,32.9,24.2,62.1,40.9,81.5,91.5,88.2,44.1,55.4,4.8,90.6,25,4.9,16.13194166666667
122,Starlin Castro,Yankees,151.0,610.0,21.0,63.0,70.0,4.0,3.9,19.3,0.163,0.305,0.27,0.3,0.433,0.313,94.0,-1.6,-6.1,-4.1,1.1,0.733,1.63,20.7,49.1,30.2,9.3,15.0,16.0,7.0,0.0,0.0,40.0,34.8,25.2,16.1,52.7,31.2,36.4,69.2,51.7,64.8,86.2,78.2,46.6,63.1,11.3,88.4,25,5.4,10.072112765957447
123,Jayson Werth,Nationals,143.0,606.0,21.0,84.0,69.0,5.0,11.7,22.9,0.173,0.288,0.244,0.335,0.417,0.327,101.0,2.3,3.4,-12.4,1.1,0.752,0.99,17.3,41.1,41.6,9.2,12.9,6.0,3.7,0.0,0.0,42.9,34.2,23.0,16.1,48.0,36.0,23.8,54.6,38.2,70.3,86.7,81.3,46.7,56.8,7.2,91.4,30,7.7,16.376520833333334
124,Mike Napoli,Indians,150.0,645.0,34.0,92.0,101.0,5.0,12.1,30.1,0.226,0.296,0.239,0.335,0.465,0.343,113.0,-5.2,5.2,-17.3,1.0,0.8,0.81,18.5,36.4,45.1,14.5,20.5,8.0,6.0,0.0,0.0,47.6,31.8,20.7,19.3,44.0,36.7,26.4,66.1,44.0,58.9,78.8,72.1,44.2,57.1,12.2,89.6,49,13.3,22.536559523809526
125,Joe Mauer,Twins,134.0,576.0,11.0,68.0,49.0,2.0,13.7,16.1,0.128,0.301,0.261,0.363,0.389,0.327,102.0,-2.2,-0.6,-9.4,1.0,0.752,2.43,26.8,51.9,21.3,0.0,12.8,3.0,1.4,0.0,0.0,30.8,34.0,35.2,13.4,55.3,31.3,23.2,50.8,35.8,76.8,91.3,86.2,45.7,60.1,4.9,89.7,24,6.0,5.067133333333332
126,Howie Kendrick,Dodgers,146.0,543.0,8.0,65.0,40.0,10.0,9.2,17.7,0.111,0.301,0.255,0.326,0.366,0.303,91.0,2.4,-3.7,-4.6,0.9,0.692,3.1,19.4,61.0,19.6,0.0,10.4,15.0,6.3,0.0,0.0,25.9,36.6,37.6,15.2,51.0,33.8,30.6,68.8,48.1,65.1,88.9,80.8,45.9,63.7,9.2,90.1,23,5.8,0.8964772727272723
127,Brandon Phillips,Reds,141.0,584.0,11.0,74.0,64.0,14.0,3.1,11.6,0.125,0.312,0.291,0.32,0.416,0.315,92.0,-3.6,-9.3,-0.4,0.9,0.736,1.42,21.4,46.2,32.4,8.9,7.0,12.0,5.3,1.0,33.3,33.3,36.3,30.4,20.8,52.5,26.7,41.7,77.2,57.8,69.7,90.0,82.0,45.3,65.8,10.4,86.2,13,2.7,11.654054205607476
128,Chris Carter,Brewers,160.0,644.0,41.0,84.0,94.0,3.0,11.8,32.0,0.277,0.26,0.222,0.321,0.499,0.346,112.0,-4.1,5.1,-16.9,0.9,0.8200000000000001,0.65,19.5,31.7,48.7,9.3,23.8,7.0,6.3,0.0,0.0,37.7,39.4,23.0,14.5,45.0,40.5,25.9,68.3,43.7,42.2,76.2,64.6,42.2,58.5,15.5,91.7,62,17.6,20.870542168674696
129,Albert Pujols,Angels,152.0,650.0,31.0,71.0,119.0,4.0,7.5,11.5,0.189,0.26,0.268,0.323,0.457,0.331,111.0,-6.0,2.7,-16.1,0.9,0.78,1.11,16.6,43.9,39.5,9.2,15.0,8.0,3.5,0.0,0.0,47.9,33.8,18.3,16.4,47.1,36.5,32.1,63.9,46.2,75.2,92.3,85.7,44.2,55.9,6.6,91.5,50,9.5,11.90036752136752
130,Victor Martinez,Tigers,154.0,610.0,27.0,65.0,86.0,0.0,8.2,14.8,0.186,0.303,0.289,0.351,0.476,0.351,120.0,-11.4,3.0,-15.1,0.9,0.827,0.95,23.4,37.3,39.3,12.0,14.8,7.0,4.0,0.0,0.0,44.6,33.3,22.1,16.3,44.9,38.8,32.7,66.7,46.9,75.1,90.6,84.4,42.0,57.5,7.3,90.0,39,8.4,15.205821782178216
131,Jay Bruce,- - -,147.0,589.0,33.0,74.0,99.0,4.0,7.5,21.4,0.256,0.266,0.25,0.309,0.506,0.34,111.0,-2.9,4.8,-15.2,0.9,0.815,0.91,21.9,37.1,41.0,5.9,19.4,8.0,5.2,0.0,0.0,44.5,35.8,19.7,14.7,47.1,38.2,33.0,77.3,51.8,62.7,84.6,76.5,42.3,57.1,12.0,88.9,36,8.7,20.06787183098591
132,Adonis Garcia,Braves,134.0,563.0,14.0,65.0,65.0,3.0,4.3,16.5,0.133,0.308,0.273,0.311,0.406,0.308,90.0,-1.5,-8.8,-0.8,0.9,0.7170000000000001,1.97,21.0,52.4,26.7,10.3,12.0,10.0,4.3,0.0,0.0,35.8,40.3,23.9,20.5,49.7,29.8,38.8,70.3,52.8,69.3,87.9,80.3,44.6,62.9,10.3,89.1,23,5.2,7.125011851851853
133,Andrew McCutchen,Pirates,153.0,675.0,24.0,81.0,79.0,6.0,10.2,21.2,0.174,0.297,0.256,0.336,0.43,0.329,106.0,-3.0,2.1,-16.5,0.7,0.766,0.86,22.5,35.8,41.7,12.6,12.6,11.0,6.7,0.0,0.0,44.8,33.4,21.8,19.7,44.5,35.8,25.4,71.4,46.6,59.8,83.8,76.8,46.1,58.4,10.7,89.7,39,8.5,17.880004580152672
134,Kendrys Morales,Royals,154.0,618.0,30.0,65.0,93.0,0.0,7.8,19.4,0.204,0.283,0.263,0.327,0.468,0.339,110.0,-5.0,2.3,-16.3,0.7,0.795,1.24,20.1,44.2,35.7,6.3,19.0,6.0,3.1,0.0,0.0,37.9,37.9,24.2,12.9,46.1,41.1,33.4,68.7,48.1,62.6,87.9,77.6,41.6,55.3,10.7,92.8,48,10.8,11.670136842105263
135,Matt Kemp,- - -,156.0,672.0,35.0,89.0,108.0,1.0,5.4,23.2,0.231,0.297,0.268,0.304,0.499,0.333,109.0,-0.5,6.7,-21.3,0.7,0.8029999999999999,1.01,20.5,39.9,39.7,4.7,18.4,5.0,2.6,0.0,0.0,44.5,33.0,22.6,15.2,48.9,35.9,40.7,75.0,55.4,58.3,83.0,72.6,42.9,63.2,15.0,88.2,53,11.1,14.027700925925924
136,Adeiny Hechavarria,Marlins,155.0,547.0,3.0,52.0,38.0,1.0,6.0,13.3,0.075,0.269,0.236,0.283,0.311,0.256,56.0,2.0,-27.8,14.6,0.4,0.594,1.59,22.2,47.8,30.0,3.1,2.3,14.0,6.8,0.0,0.0,28.9,38.9,32.3,19.1,48.6,32.3,33.9,67.8,50.2,76.0,90.9,85.6,47.9,60.5,7.1,87.4,5,1.1,11.360277464788734
137,Alcides Escobar,Royals,162.0,682.0,7.0,57.0,55.0,17.0,4.0,14.1,0.089,0.295,0.261,0.292,0.35,0.278,68.0,-0.8,-27.2,8.1,0.4,0.6419999999999999,1.67,20.1,49.9,29.9,9.3,4.3,19.0,7.0,2.0,13.3,41.4,33.6,25.0,22.3,55.4,22.3,39.1,69.3,52.9,70.8,86.6,80.3,45.6,67.6,10.4,82.9,8,1.4,13.043110185185185
138,Mitch Moreland,Rangers,147.0,503.0,22.0,49.0,60.0,1.0,7.0,23.5,0.189,0.266,0.233,0.298,0.422,0.307,87.0,-1.8,-10.0,-3.4,0.4,0.72,1.11,21.1,41.5,37.4,10.9,17.2,10.0,7.0,0.0,0.0,44.7,34.2,21.1,15.2,48.3,36.6,34.1,71.4,48.9,58.9,83.9,73.4,39.6,52.9,12.9,90.5,33,9.6,17.565731764705877
139,Marwin Gonzalez,Astros,141.0,518.0,13.0,55.0,51.0,12.0,4.2,22.8,0.147,0.311,0.254,0.293,0.401,0.298,87.0,-1.9,-10.2,-4.7,0.3,0.694,1.48,20.6,47.4,32.0,8.0,11.6,9.0,5.4,9.0,39.1,50.7,31.4,18.0,14.8,52.0,33.2,35.7,65.1,48.4,57.8,87.6,75.1,43.4,64.3,12.0,86.3,20,5.4,4.1358139534883716
140,Cheslor Cuthbert,Royals,128.0,510.0,12.0,49.0,46.0,2.0,6.3,18.8,0.139,0.32,0.274,0.318,0.413,0.316,94.0,-4.1,-7.7,-7.4,0.2,0.731,1.34,17.1,47.5,35.4,17.8,8.9,18.0,9.9,0.0,0.0,41.1,31.9,27.0,20.4,48.7,30.9,31.7,69.5,49.2,63.1,86.8,78.6,46.3,62.8,10.5,89.2,9,2.4,13.797441441441443
141,Scooter Gennett,Brewers,136.0,542.0,14.0,58.0,56.0,8.0,7.0,21.0,0.149,0.315,0.263,0.317,0.412,0.315,91.0,-2.6,-8.9,-7.4,0.1,0.729,1.29,20.8,44.7,34.5,6.8,10.5,8.0,4.7,1.0,50.0,34.9,34.9,30.2,17.8,53.2,28.9,34.3,73.0,50.5,67.4,87.2,79.4,42.0,61.6,10.4,86.7,15,3.9,15.986895348837207
142,Yasmany Tomas,Diamondbacks,140.0,563.0,31.0,72.0,83.0,2.0,5.5,24.2,0.236,0.31,0.272,0.313,0.508,0.345,109.0,-5.5,0.6,-19.7,-0.1,0.821,1.52,21.0,47.6,31.4,4.0,25.0,7.0,3.7,0.0,0.0,41.0,29.4,29.6,14.9,44.1,41.0,42.4,80.3,58.0,57.6,82.4,71.7,41.2,71.1,16.3,90.5,42,10.6,12.410742268041233
143,Eric Hosmer,Royals,158.0,667.0,25.0,80.0,104.0,5.0,8.5,19.8,0.167,0.301,0.266,0.328,0.433,0.326,101.0,-5.3,-4.5,-20.4,-0.2,0.761,2.38,16.5,58.9,24.7,6.0,21.4,10.0,3.6,2.0,66.7,36.1,34.6,29.4,18.9,46.8,34.4,33.9,70.5,48.8,58.4,87.2,75.4,40.8,55.9,11.9,91.7,45,9.4,5.579117475728155
144,Yonder Alonso,Athletics,156.0,532.0,7.0,52.0,56.0,3.0,8.5,13.9,0.114,0.284,0.253,0.316,0.367,0.299,88.0,-3.0,-10.4,-11.0,-0.3,0.683,1.32,22.5,44.1,33.3,7.4,5.1,6.0,3.3,3.0,75.0,39.8,35.7,24.5,18.2,49.5,32.3,27.3,70.6,46.4,65.9,92.8,83.9,44.0,61.5,7.4,88.2,17,4.1,10.650167010309282
145,Alexei Ramirez,- - -,145.0,506.0,6.0,38.0,48.0,8.0,4.2,12.5,0.092,0.265,0.241,0.277,0.333,0.264,63.0,-2.5,-25.3,-14.5,-2.4,0.6100000000000001,1.84,20.2,51.7,28.1,13.7,5.1,12.0,5.6,0.0,0.0,44.0,34.9,21.1,21.1,55.5,23.4,34.8,65.8,48.8,73.0,91.2,84.1,45.2,63.6,7.7,84.3,2,0.5,9.90253623188406
0,Bryce Harper,Nationals,153.0,654.0,42.0,118.0,99.0,6.0,19.0,20.0,0.319,0.369,0.33,0.46,0.649,0.461,197.0,3.2,77.6,-8.5,9.5,1.109,0.98,22.2,38.5,39.3,5.8,27.3,7.0,4.6,2.0,100.0,45.4,33.8,20.8,11.9,47.2,40.9,27.6,72.5,44.7,60.9,84.4,75.4,38.0,54.6,10.8,91.0,51,12.9,11.845872826086952
1,Mike Trout,Angels,159.0,682.0,41.0,104.0,90.0,11.0,13.5,23.2,0.29,0.344,0.299,0.402,0.59,0.415,172.0,3.3,59.9,2.1,9.0,0.992,0.97,24.4,37.2,38.4,2.5,25.3,20.0,12.7,0.0,0.0,38.2,33.2,28.7,11.6,47.6,40.8,24.4,55.6,38.1,66.3,87.7,80.0,44.0,56.7,7.5,92.8,69,16.4,14.693540816326534
2,Josh Donaldson,Blue Jays,158.0,711.0,41.0,122.0,123.0,6.0,10.3,18.7,0.271,0.314,0.297,0.371,0.568,0.398,154.0,4.0,48.3,10.7,8.7,0.939,1.18,17.3,44.8,37.9,9.6,21.8,11.0,5.0,1.0,33.3,42.9,33.5,23.7,14.4,48.3,37.3,25.1,70.7,45.7,60.2,82.8,76.0,45.3,57.0,11.0,92.2,61,12.2,10.395636936936937
3,Joey Votto,Reds,158.0,695.0,29.0,95.0,80.0,11.0,20.6,19.4,0.228,0.371,0.314,0.459,0.541,0.427,173.0,-1.2,58.0,-9.3,7.5,1.0,1.28,25.0,42.2,32.8,1.5,21.6,3.0,1.7,2.0,50.0,37.1,36.9,26.0,9.5,52.2,38.4,19.1,62.0,37.3,70.9,82.5,79.1,42.4,54.5,7.7,89.6,45,10.9,11.03159036144578
4,Paul Goldschmidt,Diamondbacks,159.0,695.0,33.0,103.0,110.0,21.0,17.0,21.7,0.249,0.382,0.321,0.435,0.57,0.418,163.0,3.1,54.4,-6.9,7.3,1.005,1.19,23.4,41.6,35.0,5.4,22.3,11.0,6.3,0.0,0.0,29.6,40.2,30.3,10.2,48.5,41.4,22.4,61.6,39.4,67.5,82.5,77.7,43.4,54.2,8.5,92.1,54,12.8,13.203559523809526
5,Manny Machado,Orioles,162.0,713.0,35.0,102.0,86.0,20.0,9.8,15.6,0.216,0.297,0.286,0.359,0.502,0.37,134.0,1.1,29.4,11.2,6.8,0.861,1.14,17.8,43.7,38.5,14.1,17.6,15.0,6.6,6.0,54.5,38.1,36.7,25.2,16.5,50.4,33.1,25.3,65.6,43.2,70.2,91.1,84.3,44.3,58.1,6.8,90.4,41,7.8,11.640665289256189
6,Yoenis Cespedes,- - -,159.0,676.0,35.0,101.0,105.0,7.0,4.9,20.9,0.251,0.323,0.291,0.328,0.542,0.367,135.0,3.4,31.1,10.6,6.7,0.8700000000000001,1.1,20.4,41.7,37.9,9.0,18.6,17.0,8.2,0.0,0.0,43.7,34.8,21.5,14.1,50.1,35.8,37.5,65.1,49.2,67.8,86.5,78.3,42.5,58.4,10.6,92.0,56,11.3,18.44362870370371
7,Kris Bryant,Cubs,151.0,650.0,26.0,87.0,99.0,13.0,11.8,30.6,0.213,0.378,0.275,0.369,0.488,0.371,136.0,7.1,34.7,7.1,6.6,0.857,0.76,20.5,34.2,45.2,7.9,15.8,18.0,14.4,0.0,0.0,41.6,34.5,23.8,15.1,47.4,37.5,29.8,76.2,49.0,49.2,75.8,66.3,41.3,60.8,16.5,89.6,42,11.5,19.947249999999997
8,A.J. Pollock,Diamondbacks,157.0,673.0,20.0,111.0,76.0,39.0,7.9,13.2,0.182,0.338,0.315,0.367,0.498,0.371,131.0,7.0,31.5,8.7,6.5,0.865,1.74,20.8,50.3,29.0,9.2,13.2,19.0,7.2,4.0,100.0,38.8,36.9,24.4,14.9,50.7,34.4,30.2,64.0,46.0,67.0,94.6,85.0,46.7,63.7,6.9,88.4,31,5.9,7.397568
9,Lorenzo Cain,Royals,140.0,604.0,16.0,101.0,72.0,28.0,6.1,16.2,0.171,0.347,0.307,0.361,0.477,0.36,127.0,6.2,25.2,15.7,6.4,0.838,1.45,23.2,45.5,31.3,2.8,11.2,21.0,10.1,0.0,0.0,33.7,38.1,28.2,13.4,54.5,32.2,35.1,67.9,49.5,70.4,91.2,82.9,43.9,59.8,8.4,90.1,25,5.5,10.913865384615386
10,Jason Heyward,Cardinals,154.0,610.0,13.0,79.0,60.0,23.0,9.2,14.8,0.146,0.329,0.293,0.359,0.439,0.346,120.0,7.0,21.4,16.4,6.0,0.798,2.44,19.3,57.2,23.5,12.0,12.0,21.0,8.0,0.0,0.0,39.1,36.3,24.6,22.4,48.5,29.1,25.1,63.1,41.1,67.9,93.1,84.2,42.1,52.6,6.5,89.3,13,2.8,2.364478899082569
11,Andrew McCutchen,Pirates,157.0,685.0,23.0,91.0,96.0,11.0,14.3,19.4,0.196,0.339,0.292,0.401,0.488,0.38,146.0,-1.1,35.6,-2.5,5.8,0.889,1.0,23.5,38.2,38.2,5.9,13.6,13.0,7.7,0.0,0.0,38.9,37.8,23.3,13.1,47.5,39.4,23.7,70.8,44.1,60.6,82.6,75.9,43.2,55.5,10.5,90.7,42,9.5,12.428211764705882
12,Chris Davis,Orioles,160.0,670.0,47.0,100.0,117.0,2.0,12.5,31.0,0.3,0.319,0.262,0.361,0.562,0.39,148.0,-0.5,36.5,-5.5,5.6,0.923,0.73,24.7,31.8,43.5,3.8,29.4,4.0,3.4,2.0,100.0,56.0,26.5,17.6,9.7,48.9,41.4,30.1,72.2,47.5,50.9,76.5,67.0,41.3,62.1,15.6,91.9,67,18.1,18.763506896551725
13,Buster Posey,Giants,150.0,623.0,19.0,74.0,95.0,2.0,9.0,8.3,0.153,0.32,0.318,0.379,0.47,0.363,136.0,-1.8,24.4,8.2,5.5,0.849,1.3,22.3,43.9,33.8,6.9,11.0,7.0,3.1,0.0,0.0,35.4,37.5,27.2,16.6,48.6,34.8,30.0,71.8,47.9,79.0,93.2,88.1,42.8,59.2,5.6,89.0,32,6.3,13.542994067796606
14,Anthony Rizzo,Cubs,160.0,701.0,31.0,94.0,101.0,17.0,11.1,15.0,0.234,0.289,0.278,0.387,0.512,0.384,145.0,1.9,39.0,-8.9,5.5,0.899,0.79,21.8,34.6,43.6,10.4,14.6,8.0,4.8,1.0,50.0,43.2,34.8,21.9,17.8,49.0,33.2,32.7,67.9,46.3,71.5,92.0,83.2,38.7,54.8,7.7,88.3,39,8.0,15.877779999999996
15,Kevin Kiermaier,Rays,151.0,535.0,10.0,62.0,40.0,18.0,4.5,17.8,0.156,0.306,0.263,0.298,0.42,0.309,97.0,3.5,1.8,32.0,5.4,0.718,1.63,22.9,47.8,29.3,13.4,8.4,19.0,9.8,3.0,37.5,41.3,36.0,22.7,24.9,50.5,24.6,32.8,70.8,50.7,70.2,86.7,81.0,47.1,64.7,9.6,86.7,10,2.4,7.972950588235296
16,Matt Carpenter,Cardinals,154.0,665.0,28.0,101.0,84.0,4.0,12.2,22.7,0.233,0.321,0.272,0.365,0.505,0.372,139.0,1.5,31.5,-3.5,5.2,0.87,0.71,28.5,29.7,41.7,2.3,15.8,10.0,7.9,3.0,100.0,39.3,36.8,23.9,11.2,51.8,37.0,22.5,60.1,38.9,65.9,87.0,80.2,43.8,61.1,7.7,88.7,40,9.4,20.64815268817205
17,Curtis Granderson,Mets,157.0,682.0,26.0,98.0,70.0,11.0,13.3,22.1,0.198,0.305,0.259,0.364,0.457,0.357,131.0,2.5,27.0,-0.7,5.1,0.821,0.73,27.1,30.8,42.1,7.7,14.3,9.0,6.8,1.0,100.0,48.3,30.5,21.3,12.7,50.4,37.0,19.9,60.8,37.6,65.4,88.5,81.6,43.3,53.1,6.9,89.4,36,8.3,20.202614736842097
18,J.D. Martinez,Tigers,158.0,657.0,38.0,93.0,102.0,3.0,8.1,27.1,0.253,0.339,0.282,0.344,0.535,0.372,137.0,-2.2,26.0,-0.1,5.0,0.879,0.79,22.3,34.2,43.5,4.9,20.8,14.0,9.7,0.0,0.0,41.1,34.7,24.2,12.6,44.7,42.8,35.5,75.7,53.1,57.1,80.6,71.8,43.8,64.1,14.9,91.3,74,17.6,17.61909795918367
19,Jason Kipnis,Indians,141.0,641.0,9.0,86.0,52.0,12.0,8.9,16.7,0.149,0.356,0.303,0.372,0.451,0.355,124.0,3.4,21.6,4.5,5.0,0.823,1.6,26.8,45.0,28.1,6.9,6.9,10.0,4.8,2.0,33.3,35.3,36.1,28.6,15.4,54.1,30.6,26.7,62.4,43.1,67.5,92.1,83.9,46.0,56.2,6.9,88.7,15,3.2,10.800333018867928
20,Nelson Cruz,Mariners,152.0,655.0,44.0,90.0,93.0,3.0,9.0,25.0,0.264,0.35,0.302,0.369,0.566,0.396,158.0,-2.5,41.5,-17.6,4.8,0.9349999999999999,1.34,20.4,45.7,34.0,10.3,30.3,14.0,7.2,0.0,0.0,38.6,36.5,24.8,15.9,48.5,35.6,33.2,70.8,48.7,59.6,79.3,71.5,41.4,59.2,13.7,92.4,60,14.1,5.573065789473686
21,Mookie Betts,Red Sox,145.0,654.0,18.0,92.0,77.0,21.0,7.0,12.5,0.188,0.31,0.291,0.341,0.479,0.351,119.0,8.3,22.4,1.3,4.8,0.8200000000000001,0.9,19.5,38.2,42.4,10.5,8.2,18.0,9.1,1.0,25.0,40.3,36.5,23.1,16.1,52.2,31.7,25.3,55.7,40.2,72.9,93.1,86.6,49.1,61.5,5.4,89.9,30,5.7,15.486570866141731
22,Matt Duffy,Giants,149.0,612.0,12.0,77.0,77.0,12.0,4.9,15.7,0.133,0.336,0.295,0.334,0.428,0.331,114.0,4.4,14.5,11.5,4.8,0.762,1.98,20.9,52.6,26.5,3.1,9.4,20.0,7.9,1.0,50.0,31.8,34.9,33.3,14.8,56.8,28.5,30.7,64.1,45.9,69.1,91.9,83.6,45.6,64.4,7.5,87.9,20,4.2,7.814960839160837
23,Adrian Beltre,Rangers,143.0,619.0,18.0,83.0,83.0,1.0,6.6,10.5,0.166,0.295,0.287,0.334,0.453,0.337,109.0,3.9,10.7,13.8,4.8,0.787,1.16,22.7,41.6,35.7,8.2,9.9,19.0,9.0,0.0,0.0,38.8,38.6,22.6,14.3,52.0,33.7,35.9,64.3,48.4,75.4,90.4,84.2,44.1,61.9,7.6,89.5,29,5.7,16.79786614173228
24,Dee Gordon,Marlins,145.0,653.0,4.0,88.0,46.0,58.0,3.8,13.9,0.085,0.383,0.333,0.359,0.418,0.337,114.0,4.9,15.7,8.6,4.7,0.7769999999999999,3.19,21.5,59.8,18.7,3.2,4.3,36.0,12.1,16.0,42.1,30.1,38.5,31.4,20.8,61.7,17.6,37.5,65.0,50.5,78.9,93.7,87.9,47.0,64.9,6.1,81.3,6,1.1,1.0530187969924816
25,Brandon Crawford,Giants,143.0,561.0,21.0,65.0,84.0,6.0,7.0,21.2,0.205,0.294,0.256,0.321,0.462,0.332,114.0,-1.4,8.1,17.1,4.5,0.783,1.42,18.8,47.7,33.5,6.2,16.2,8.0,4.3,3.0,75.0,39.8,37.5,22.7,15.6,51.3,33.2,34.6,76.1,52.4,56.2,84.2,73.6,42.8,62.4,13.6,89.8,35,8.9,3.206068965517242
26,Nolan Arenado,Rockies,157.0,665.0,42.0,97.0,130.0,2.0,5.1,16.5,0.287,0.284,0.287,0.323,0.575,0.371,119.0,-0.9,14.0,7.6,4.5,0.8979999999999999,0.78,21.7,34.4,43.9,10.6,18.5,10.0,5.6,0.0,0.0,45.7,33.5,20.9,14.7,49.1,36.2,38.5,74.2,54.2,64.2,90.9,80.3,43.8,60.2,10.5,90.6,46,8.9,16.31819166666667
27,Edwin Encarnacion,Blue Jays,146.0,624.0,39.0,94.0,111.0,3.0,12.3,15.7,0.28,0.267,0.277,0.372,0.557,0.392,150.0,-2.2,33.6,-11.7,4.5,0.929,0.81,19.3,36.1,44.5,17.9,19.9,7.0,4.4,0.0,0.0,50.2,30.0,19.8,20.2,43.9,35.9,25.7,67.0,43.5,64.9,85.2,78.4,43.1,55.5,9.3,90.2,48,10.9,19.794396226415103
28,Jose Altuve,Astros,154.0,689.0,15.0,86.0,66.0,38.0,4.8,9.7,0.146,0.329,0.313,0.353,0.459,0.347,123.0,-3.7,14.5,5.4,4.5,0.812,1.33,18.1,46.7,35.2,8.4,7.4,34.0,12.7,3.0,50.0,45.3,35.5,19.1,19.8,54.3,25.9,35.6,71.9,52.1,81.7,94.6,89.8,45.5,65.5,5.3,85.8,18,3.1,11.641808823529411
29,Todd Frazier,Reds,157.0,678.0,35.0,82.0,89.0,13.0,6.5,20.2,0.242,0.271,0.255,0.309,0.498,0.342,115.0,-0.6,11.4,9.6,4.5,0.8069999999999999,0.69,19.1,33.1,47.7,16.8,15.1,11.0,6.8,3.0,75.0,46.1,32.9,21.0,18.4,44.3,37.4,36.7,76.1,52.9,63.8,85.2,76.5,41.3,60.3,12.4,89.2,45,9.2,23.08798461538461
30,Jose Bautista,Blue Jays,153.0,666.0,40.0,108.0,114.0,8.0,16.5,15.9,0.285,0.237,0.25,0.377,0.536,0.389,148.0,2.3,38.9,-18.9,4.4,0.913,0.76,13.9,37.3,48.8,14.3,18.4,6.0,3.6,0.0,0.0,53.3,28.1,18.7,17.1,47.6,35.3,22.2,61.9,39.4,67.8,87.1,80.9,43.3,53.0,7.5,92.0,56,12.6,18.010912745098036
31,Miguel Cabrera,Tigers,119.0,511.0,18.0,64.0,76.0,1.0,15.1,16.0,0.196,0.384,0.338,0.44,0.534,0.413,165.0,-5.1,33.6,-9.2,4.4,0.974,1.29,25.2,42.1,32.7,3.5,15.8,3.0,2.0,0.0,0.0,35.8,30.7,33.5,10.3,49.6,40.1,29.5,70.5,46.3,66.3,86.2,78.7,41.1,57.5,9.6,93.8,38,10.9,10.760090999999997
32,Kevin Pillar,Blue Jays,159.0,628.0,12.0,76.0,56.0,25.0,4.5,13.5,0.121,0.306,0.278,0.314,0.399,0.31,93.0,8.1,3.2,16.6,4.3,0.7130000000000001,1.13,21.9,41.4,36.7,17.7,6.6,19.0,9.3,3.0,17.6,42.9,30.2,26.9,24.7,50.6,24.7,40.1,63.0,50.8,73.7,90.1,83.2,46.8,65.1,8.5,84.3,9,1.8,14.010902586206898
33,Xander Bogaerts,Red Sox,156.0,654.0,7.0,84.0,81.0,10.0,4.9,15.4,0.101,0.372,0.32,0.355,0.421,0.338,109.0,3.7,10.7,8.0,4.3,0.776,2.05,21.3,52.9,25.8,10.6,5.3,30.0,11.1,1.0,16.7,33.8,34.2,32.1,21.0,51.5,27.4,35.6,64.0,49.0,70.0,88.6,81.5,47.3,62.4,9.1,87.6,13,2.5,7.124668067226892
34,Ian Kinsler,Tigers,154.0,675.0,11.0,94.0,73.0,10.0,6.4,11.9,0.131,0.323,0.296,0.342,0.428,0.335,111.0,0.6,9.2,8.4,4.2,0.77,0.83,25.4,33.9,40.7,12.7,5.0,11.0,6.0,5.0,83.3,41.9,34.1,24.0,17.1,56.5,26.4,28.0,69.6,47.2,77.3,94.5,89.0,46.3,60.4,5.2,85.7,16,2.9,20.262766393442625
35,Brandon Belt,Giants,137.0,556.0,18.0,73.0,68.0,9.0,10.1,26.4,0.197,0.363,0.28,0.356,0.478,0.359,133.0,1.5,22.9,-1.2,4.1,0.834,0.88,28.7,33.3,37.9,0.8,13.6,5.0,4.3,1.0,100.0,38.4,35.8,25.8,11.5,48.7,39.8,28.6,80.9,49.8,62.3,80.7,74.4,40.6,60.1,12.7,89.5,35,10.0,17.01455357142857
36,Evan Longoria,Rays,160.0,670.0,21.0,74.0,73.0,3.0,7.6,19.7,0.166,0.309,0.27,0.328,0.435,0.327,109.0,1.5,8.6,8.1,4.1,0.763,0.96,20.6,39.0,40.4,10.8,10.8,6.0,3.2,0.0,0.0,41.9,32.1,26.0,15.0,54.2,30.8,30.6,67.8,47.3,66.7,84.9,78.4,44.9,59.1,10.1,89.6,41,8.5,19.108842477876095
37,Logan Forsythe,Rays,153.0,615.0,17.0,69.0,68.0,9.0,8.9,18.0,0.163,0.323,0.281,0.359,0.444,0.35,125.0,-1.7,16.1,1.8,4.0,0.8029999999999999,0.98,19.8,39.6,40.6,8.0,9.7,14.0,8.1,0.0,0.0,39.1,36.3,24.6,15.2,53.8,31.0,24.2,57.7,40.4,70.7,89.1,83.4,48.3,61.6,6.7,88.2,15,3.4,16.22158620689656
38,Odubel Herrera,Phillies,147.0,537.0,8.0,64.0,41.0,16.0,5.2,24.0,0.121,0.387,0.297,0.344,0.418,0.333,111.0,2.1,9.2,11.7,4.0,0.762,1.61,23.5,47.2,29.3,8.6,7.6,18.0,10.7,5.0,35.7,35.2,32.3,32.5,19.4,54.0,26.6,34.8,67.8,48.9,61.4,86.7,76.4,42.7,62.9,11.6,87.0,13,3.5,3.0959341176470594
39,Kyle Seager,Mariners,161.0,686.0,26.0,85.0,74.0,6.0,7.9,14.3,0.185,0.278,0.266,0.328,0.451,0.335,116.0,-3.0,9.4,5.0,3.9,0.779,0.86,24.0,35.2,40.8,9.8,12.1,7.0,3.8,2.0,50.0,44.4,31.8,23.8,12.5,54.4,33.1,29.4,64.2,45.6,69.5,90.8,83.4,46.4,58.5,7.5,88.9,37,7.0,24.68638211382114
40,Francisco Cervelli,Pirates,130.0,510.0,7.0,56.0,43.0,1.0,9.0,18.4,0.106,0.359,0.295,0.37,0.401,0.341,119.0,-0.7,10.5,9.3,3.8,0.771,1.94,21.0,52.1,26.9,3.1,7.3,10.0,5.4,0.0,0.0,36.5,35.9,27.6,15.8,53.6,30.7,20.9,63.4,41.4,66.7,87.6,82.1,48.3,60.6,7.4,87.5,15,4.1,7.283696629213483
41,Kole Calhoun,Angels,159.0,686.0,26.0,78.0,83.0,4.0,6.6,23.9,0.167,0.304,0.256,0.308,0.422,0.317,104.0,3.1,6.4,6.6,3.8,0.73,1.18,22.8,41.8,35.4,7.2,15.7,5.0,2.6,1.0,33.3,42.6,34.3,23.1,19.1,53.0,28.0,31.8,73.4,49.1,55.0,85.5,73.9,41.6,64.6,12.8,85.9,32,6.8,10.956377358490563
42,Michael Brantley,Indians,137.0,596.0,15.0,68.0,84.0,15.0,10.1,8.6,0.17,0.318,0.31,0.379,0.48,0.368,133.0,1.4,24.4,-9.1,3.7,0.859,1.45,22.5,45.8,31.7,5.3,9.9,12.0,5.5,2.0,66.7,42.7,32.7,24.6,15.9,53.2,30.9,24.8,64.3,42.8,84.6,96.3,92.6,45.6,58.2,3.1,88.7,19,3.9,12.177290217391306
43,David Peralta,Diamondbacks,149.0,517.0,17.0,61.0,78.0,9.0,8.5,20.7,0.21,0.368,0.312,0.371,0.522,0.38,137.0,3.7,26.2,-7.7,3.7,0.893,1.96,21.3,52.1,26.6,6.3,17.7,11.0,5.9,1.0,100.0,38.4,40.1,21.6,13.3,51.4,35.4,31.8,68.3,47.5,60.2,88.4,77.7,43.0,62.7,10.6,91.3,28,7.7,4.077080459770114
44,Adam Eaton,White Sox,153.0,689.0,14.0,98.0,56.0,18.0,8.4,19.0,0.144,0.345,0.287,0.361,0.431,0.346,119.0,5.5,20.6,-8.8,3.7,0.792,1.86,22.0,50.7,27.3,10.2,10.9,13.0,5.5,7.0,41.2,29.2,36.8,34.0,20.4,53.3,26.3,28.4,60.4,43.3,71.3,90.4,83.7,46.5,58.6,7.0,86.5,15,3.1,3.9780541666666664
45,Adam Jones,Orioles,137.0,581.0,27.0,74.0,82.0,3.0,4.1,17.6,0.205,0.286,0.269,0.308,0.474,0.334,109.0,0.3,6.6,8.8,3.6,0.782,1.26,17.8,45.8,36.3,11.8,16.8,17.0,8.4,2.0,50.0,44.3,34.0,21.7,20.1,49.2,30.7,46.5,80.6,60.1,66.6,87.5,77.8,40.0,65.4,13.3,87.7,41,9.2,10.63822857142857
46,Shin-Soo Choo,Rangers,149.0,653.0,22.0,94.0,82.0,4.0,11.6,22.5,0.187,0.335,0.276,0.375,0.463,0.365,129.0,1.8,23.5,-10.5,3.6,0.8380000000000001,1.79,20.7,50.9,28.5,2.6,18.8,7.0,3.3,2.0,50.0,44.1,34.2,21.7,14.9,52.3,32.8,24.2,64.2,41.7,63.7,81.6,75.7,43.6,57.9,10.1,90.5,35,8.4,8.802500877192985
47,Mike Moustakas,Royals,147.0,614.0,22.0,73.0,82.0,1.0,7.0,12.4,0.186,0.294,0.284,0.348,0.47,0.353,122.0,-5.4,10.4,3.7,3.6,0.818,0.96,18.8,39.9,41.4,15.3,11.2,7.0,3.7,3.0,37.5,39.2,33.4,27.4,19.5,49.0,31.5,33.0,65.6,47.2,75.2,91.4,85.0,43.7,58.3,7.1,88.6,32,6.6,17.874105555555555
48,Starling Marte,Pirates,153.0,633.0,19.0,84.0,81.0,30.0,4.3,19.4,0.157,0.333,0.287,0.337,0.444,0.337,116.0,-1.2,10.9,2.8,3.6,0.781,2.37,23.6,53.8,22.7,9.8,18.6,34.0,14.0,4.0,28.6,44.0,34.9,21.1,21.1,49.8,29.1,39.4,77.5,56.8,59.0,85.8,75.8,45.8,69.5,13.7,86.4,32,6.9,7.228748333333332
49,Justin Upton,Padres,150.0,620.0,26.0,85.0,81.0,19.0,11.0,25.6,0.203,0.304,0.251,0.336,0.454,0.34,119.0,4.6,18.1,-4.6,3.5,0.79,0.88,17.3,38.7,44.1,6.4,15.2,15.0,10.0,0.0,0.0,39.4,35.8,24.7,15.2,49.5,35.3,24.2,69.1,44.5,51.5,78.0,70.1,45.1,57.9,13.3,90.0,43,11.1,17.814056626506027
50,Russell Martin,Blue Jays,129.0,507.0,23.0,76.0,77.0,4.0,10.5,20.9,0.218,0.262,0.24,0.329,0.458,0.34,114.0,-4.6,3.7,12.2,3.5,0.787,1.53,16.4,50.6,33.0,18.9,20.7,11.0,6.5,1.0,25.0,38.2,35.9,25.9,16.8,54.1,29.1,23.3,60.3,40.9,62.7,86.6,79.5,47.7,57.8,8.4,88.5,28,8.2,4.392196491228071
51,Eric Hosmer,Royals,158.0,667.0,18.0,98.0,93.0,7.0,9.1,16.2,0.162,0.336,0.297,0.363,0.459,0.355,123.0,3.1,20.9,-11.0,3.4,0.8220000000000001,2.13,23.6,52.0,24.4,10.1,15.1,15.0,5.9,4.0,50.0,36.8,34.6,28.7,18.0,49.1,32.9,32.2,64.8,45.7,68.1,89.6,80.7,41.2,57.0,8.7,89.0,36,7.3,7.261758823529413
52,Brian Dozier,Twins,157.0,704.0,28.0,101.0,77.0,12.0,8.7,21.0,0.209,0.261,0.236,0.307,0.444,0.323,102.0,3.2,4.8,3.7,3.3,0.751,0.76,22.6,33.3,44.1,19.7,13.1,17.0,10.6,3.0,75.0,60.2,24.2,15.6,18.9,52.0,29.2,29.7,64.3,44.7,69.0,86.4,79.8,43.2,60.4,9.0,86.9,29,6.0,18.97806293103449
53,Chris Coghlan,Cubs,148.0,503.0,16.0,64.0,41.0,11.0,11.5,18.7,0.193,0.284,0.25,0.341,0.443,0.337,114.0,3.2,11.2,4.2,3.3,0.784,1.34,20.1,45.8,34.1,6.0,13.7,8.0,5.1,1.0,20.0,42.2,31.6,26.2,15.2,51.7,33.1,23.2,69.7,44.0,63.3,89.6,81.9,44.8,56.1,7.9,87.8,20,5.7,12.096057971014494
54,Ender Inciarte,Diamondbacks,132.0,561.0,6.0,73.0,45.0,21.0,4.6,10.3,0.105,0.329,0.303,0.338,0.408,0.325,100.0,3.3,3.1,10.0,3.3,0.746,2.03,21.7,52.4,25.9,8.5,5.1,18.0,7.5,8.0,47.1,34.0,32.8,33.2,19.9,54.1,26.0,34.1,60.9,46.7,82.3,94.2,89.6,47.0,62.0,4.9,84.0,5,1.1,7.766080000000001
55,Dexter Fowler,Cubs,156.0,690.0,17.0,102.0,46.0,20.0,12.2,22.3,0.161,0.308,0.25,0.346,0.411,0.333,110.0,0.2,8.6,0.6,3.3,0.7569999999999999,1.19,20.3,43.3,36.4,6.3,10.6,10.0,5.3,3.0,37.5,44.1,30.9,25.1,16.6,55.3,28.2,20.9,67.8,41.2,63.7,86.8,80.2,43.3,59.0,8.2,86.3,21,4.7,9.568733333333334
56,Martin Prado,Marlins,129.0,551.0,9.0,52.0,63.0,1.0,6.7,12.3,0.106,0.313,0.288,0.338,0.394,0.318,101.0,0.1,0.8,12.5,3.2,0.732,1.56,23.2,46.8,30.0,13.6,6.8,9.0,4.4,0.0,0.0,31.1,39.7,29.3,16.8,55.6,27.7,26.4,53.2,39.7,76.7,95.4,89.2,49.8,63.3,4.3,89.0,10,2.3,9.168348623853213
57,Andrelton Simmons,Braves,147.0,583.0,4.0,60.0,44.0,5.0,6.7,8.2,0.073,0.285,0.265,0.321,0.338,0.29,81.0,0.6,-12.4,23.9,3.2,0.659,2.51,21.4,56.2,22.4,9.3,3.7,18.0,6.6,1.0,12.5,34.5,42.2,23.3,20.8,56.3,22.9,28.3,65.1,46.0,79.7,93.7,89.3,48.2,64.3,4.9,85.5,5,1.0,-0.06259405940594076
58,Didi Gregorius,Yankees,155.0,578.0,9.0,57.0,56.0,5.0,5.7,14.7,0.105,0.297,0.265,0.318,0.37,0.303,89.0,3.5,-3.6,14.2,3.1,0.688,1.31,21.2,44.7,34.1,9.3,6.0,13.0,6.6,2.0,33.3,38.5,35.0,26.5,21.6,55.9,22.5,36.4,71.1,51.5,67.7,87.3,79.5,43.5,63.3,10.6,84.8,7,1.6,16.087050925925922
59,Adrian Gonzalez,Dodgers,156.0,643.0,28.0,76.0,90.0,0.0,9.6,16.6,0.205,0.294,0.275,0.35,0.48,0.354,130.0,-5.6,16.7,-7.5,3.1,0.83,1.02,26.0,37.3,36.7,7.0,16.4,4.0,2.3,0.0,0.0,40.3,33.4,26.3,14.6,49.5,36.0,33.1,74.4,50.3,67.4,88.1,80.1,41.5,54.3,9.9,88.6,38,8.1,14.925723300970875
60,Jose Abreu,White Sox,154.0,668.0,30.0,88.0,101.0,0.0,5.8,21.0,0.212,0.333,0.29,0.347,0.502,0.361,129.0,-1.0,21.6,-14.8,3.0,0.849,1.47,20.7,47.3,32.1,10.5,19.7,9.0,4.0,0.0,0.0,37.6,35.9,26.6,16.9,49.0,34.2,36.9,67.1,49.5,63.1,87.1,76.6,41.5,57.8,11.4,90.9,46,9.7,13.029957024793388
61,Josh Reddick,Athletics,149.0,582.0,20.0,67.0,77.0,10.0,8.4,11.2,0.177,0.278,0.272,0.333,0.449,0.338,118.0,5.1,17.4,-8.0,3.0,0.782,0.95,21.0,38.4,40.6,9.0,10.6,16.0,9.0,0.0,0.0,35.3,35.6,29.1,16.8,57.3,25.9,28.6,63.7,43.3,73.3,93.3,85.6,41.8,55.8,6.2,88.4,23,5.0,17.78230927835051
62,Lucas Duda,Mets,135.0,554.0,27.0,67.0,73.0,0.0,11.9,24.9,0.242,0.285,0.244,0.352,0.486,0.359,132.0,0.1,20.9,-10.0,3.0,0.838,0.54,22.0,27.4,50.6,7.6,15.9,5.0,5.4,0.0,0.0,39.0,33.9,27.1,11.3,49.7,39.0,28.6,63.6,42.3,60.5,88.0,76.7,39.2,51.3,9.8,91.7,39,11.6,28.658826923076923
63,Brian McCann,Yankees,135.0,535.0,26.0,68.0,94.0,0.0,9.7,18.1,0.204,0.235,0.232,0.32,0.437,0.327,106.0,-3.2,0.4,10.2,3.0,0.757,0.77,16.7,36.1,47.2,8.0,14.9,5.0,3.7,3.0,75.0,50.1,31.5,18.4,15.2,53.1,31.7,31.8,55.8,41.9,73.9,92.9,84.6,42.2,55.9,6.5,89.0,21,5.6,15.232211494252873
64,Addison Russell,Cubs,142.0,523.0,13.0,60.0,54.0,4.0,8.0,28.5,0.147,0.324,0.242,0.307,0.389,0.304,91.0,0.4,-5.4,17.1,3.0,0.696,1.01,18.2,41.0,40.7,14.4,9.8,11.0,8.3,2.0,40.0,42.6,32.8,24.6,20.4,52.6,27.1,30.3,70.1,48.0,51.1,82.3,71.3,44.3,61.4,13.7,85.9,17,5.2,16.295507246376815
65,Joc Pederson,Dodgers,151.0,585.0,26.0,67.0,54.0,4.0,15.7,29.1,0.206,0.262,0.21,0.346,0.417,0.335,116.0,-0.1,11.1,-1.8,2.9,0.7629999999999999,0.98,15.8,41.8,42.4,15.2,19.7,4.0,3.1,1.0,33.3,43.6,34.7,21.7,20.4,42.4,37.3,26.5,65.1,42.4,49.0,77.0,66.7,41.3,56.9,14.0,90.6,37,11.8,20.10998360655738
66,Ryan Braun,Brewers,140.0,568.0,25.0,87.0,84.0,24.0,9.5,20.2,0.213,0.322,0.285,0.356,0.498,0.366,130.0,2.0,21.6,-12.2,2.9,0.854,1.6,19.3,49.6,31.0,3.3,20.5,14.0,7.2,0.0,0.0,30.7,38.3,31.0,14.2,49.5,36.3,36.4,71.1,50.6,67.0,88.0,79.1,40.8,64.3,10.5,92.1,42,10.7,6.463029850746269
67,David Ortiz,Red Sox,146.0,614.0,37.0,73.0,108.0,0.0,12.5,15.5,0.28,0.264,0.273,0.36,0.553,0.379,137.0,-5.1,21.4,-15.2,2.8,0.913,0.9,22.4,36.7,41.0,6.6,20.4,5.0,3.1,0.0,0.0,44.3,34.4,21.3,11.8,46.4,41.9,28.3,71.9,45.6,65.6,85.4,78.0,39.6,52.1,9.8,92.9,58,13.1,16.93794252873563
68,Alex Rodriguez,Yankees,151.0,620.0,33.0,83.0,86.0,4.0,13.5,23.4,0.235,0.278,0.25,0.356,0.486,0.361,130.0,-0.6,20.6,-15.2,2.7,0.842,1.11,18.2,43.1,38.7,7.4,22.1,7.0,4.2,0.0,0.0,45.7,36.9,17.4,12.2,52.2,35.6,26.8,67.6,44.2,58.8,76.5,70.3,42.5,60.3,13.0,91.4,42,10.9,15.754041666666666
69,Brandon Phillips,Reds,148.0,623.0,12.0,69.0,70.0,23.0,4.3,10.9,0.1,0.315,0.294,0.328,0.395,0.315,97.0,4.0,1.6,4.1,2.7,0.7230000000000001,1.48,24.9,44.8,30.3,10.1,7.6,16.0,6.8,0.0,0.0,34.9,33.6,31.5,17.6,58.0,24.4,37.8,74.5,54.2,68.1,91.5,82.5,44.8,62.3,9.5,86.0,12,2.3,11.577044354838709
70,Brett Gardner,Yankees,151.0,656.0,16.0,94.0,66.0,20.0,10.4,20.6,0.14,0.312,0.259,0.343,0.399,0.327,106.0,5.5,10.1,-7.0,2.6,0.742,1.34,20.8,45.3,33.9,6.2,11.0,15.0,7.7,8.0,42.1,34.9,34.2,30.9,14.3,59.5,26.2,22.9,55.8,37.2,66.2,89.3,81.3,43.5,52.3,7.0,86.7,19,4.3,12.879793617021273
71,Daniel Murphy,Mets,130.0,538.0,14.0,56.0,73.0,2.0,5.8,7.1,0.168,0.278,0.281,0.322,0.449,0.325,109.0,-0.3,5.3,1.0,2.5,0.771,1.19,21.2,42.8,36.0,10.1,8.3,7.0,3.5,0.0,0.0,40.7,31.3,28.1,17.1,51.8,31.1,33.6,71.5,49.4,83.5,97.5,91.9,41.7,57.3,3.9,90.1,23,4.9,14.320288888888896
72,Trevor Plouffe,Twins,152.0,632.0,22.0,74.0,86.0,2.0,7.9,19.6,0.19,0.274,0.244,0.307,0.435,0.321,101.0,-1.9,-1.3,3.5,2.4,0.742,1.01,18.2,41.1,40.7,12.0,12.0,15.0,8.1,2.0,50.0,42.7,34.6,22.7,18.1,48.5,33.5,25.5,65.5,44.7,62.4,88.1,80.5,48.0,64.6,8.7,89.4,36,7.9,9.742791011235957
73,Billy Burns,Athletics,125.0,555.0,5.0,70.0,42.0,26.0,4.7,14.6,0.098,0.339,0.294,0.334,0.392,0.317,103.0,5.6,7.8,-3.4,2.4,0.726,1.79,21.6,50.3,28.1,20.7,4.1,30.0,13.8,5.0,45.5,29.2,36.9,33.9,31.0,55.2,13.8,37.7,78.8,57.9,78.8,89.1,85.7,49.1,67.9,8.3,82.1,2,0.5,8.694091743119266
74,Derek Norris,Padres,147.0,557.0,14.0,65.0,62.0,4.0,6.3,23.5,0.153,0.31,0.25,0.305,0.404,0.309,97.0,-0.9,-2.6,7.7,2.4,0.7090000000000001,1.01,17.4,41.6,41.0,9.5,8.9,23.0,14.4,0.0,0.0,42.6,35.1,22.3,21.3,49.9,28.8,26.3,63.7,45.0,56.3,89.2,79.6,49.9,59.1,9.2,87.1,9,2.3,17.07556478873239
75,Neil Walker,Pirates,151.0,603.0,16.0,69.0,71.0,4.0,7.3,18.2,0.158,0.306,0.269,0.328,0.427,0.325,108.0,2.7,8.3,-4.7,2.4,0.755,1.14,21.4,41.8,36.8,4.9,9.9,9.0,4.9,0.0,0.0,40.8,35.4,23.8,13.6,54.2,32.2,32.6,72.6,49.9,70.2,88.5,81.7,43.3,63.0,9.1,88.8,21,4.8,12.691460674157305
76,Brock Holt,Red Sox,129.0,509.0,2.0,56.0,45.0,8.0,9.0,19.1,0.099,0.35,0.28,0.349,0.379,0.322,98.0,4.3,3.1,2.5,2.4,0.728,2.24,23.8,52.7,23.5,4.8,2.4,18.0,9.6,1.0,16.7,33.3,40.2,26.5,17.9,56.2,25.9,26.2,57.4,40.5,75.0,92.7,86.5,45.7,62.5,5.5,85.8,2,0.6,2.7740815789473685
77,Christian Yelich,Marlins,126.0,525.0,7.0,63.0,44.0,16.0,9.0,19.2,0.116,0.37,0.3,0.366,0.416,0.343,118.0,1.9,13.2,-7.3,2.4,0.782,4.16,22.5,62.5,15.0,0.0,12.5,12.0,5.2,0.0,0.0,31.7,40.5,27.7,17.1,49.9,33.1,26.1,64.5,42.8,64.3,87.7,79.7,43.6,56.4,8.7,91.5,18,4.8,3.3827757009345825
78,Carlos Gonzalez,Rockies,153.0,608.0,40.0,87.0,97.0,2.0,7.6,21.9,0.269,0.284,0.271,0.325,0.54,0.364,114.0,1.3,11.3,-8.1,2.4,0.865,1.29,16.5,47.1,36.5,7.1,25.8,8.0,4.0,1.0,33.3,41.4,36.5,22.2,17.1,48.8,34.1,37.7,78.1,53.8,55.7,83.1,71.5,39.8,57.4,15.2,89.9,47,11.0,10.757326923076924
79,Stephen Vogt,Athletics,136.0,511.0,18.0,58.0,71.0,0.0,11.0,19.0,0.182,0.29,0.261,0.341,0.443,0.335,116.0,-4.4,5.1,0.4,2.3,0.784,0.93,21.9,37.6,40.4,4.9,12.5,9.0,6.7,0.0,0.0,43.0,33.7,23.3,14.6,58.4,27.0,29.6,58.0,41.6,73.5,90.4,83.5,42.3,55.2,6.8,86.9,20,5.6,20.050450000000005
80,Austin Jackson,- - -,136.0,527.0,9.0,56.0,48.0,17.0,5.5,23.9,0.118,0.342,0.267,0.311,0.385,0.305,94.0,0.0,-3.4,8.3,2.3,0.696,2.08,24.3,51.1,24.6,2.2,10.1,11.0,5.9,2.0,28.6,36.0,37.9,26.0,13.0,56.9,30.1,26.6,63.6,44.0,63.2,87.5,79.8,47.1,61.7,8.9,88.4,14,3.8,8.542670833333332
81,Troy Tulowitzki,- - -,128.0,534.0,17.0,77.0,70.0,1.0,7.1,21.3,0.16,0.331,0.28,0.337,0.44,0.335,100.0,-4.0,-4.1,9.1,2.3,0.777,1.11,22.1,41.0,37.0,12.9,12.2,10.0,6.5,0.0,0.0,48.9,29.0,22.1,15.7,46.8,37.5,29.7,63.7,45.2,68.4,85.0,79.1,45.6,57.9,9.4,89.8,20,5.3,12.867000000000003
82,Kolten Wong,Cardinals,150.0,613.0,11.0,71.0,61.0,15.0,5.9,15.5,0.124,0.296,0.262,0.321,0.386,0.31,96.0,3.2,0.0,2.6,2.3,0.7070000000000001,1.36,22.5,44.7,32.8,15.1,7.2,12.0,5.8,1.0,25.0,40.5,36.0,23.6,21.4,51.4,27.2,35.0,73.3,50.2,70.4,90.8,82.2,39.6,56.3,8.9,87.1,15,3.2,10.934724137931035
83,Adam Lind,Brewers,149.0,572.0,20.0,72.0,87.0,0.0,11.5,17.5,0.183,0.309,0.277,0.36,0.46,0.351,119.0,-3.1,9.7,-6.3,2.3,0.8200000000000001,1.32,18.8,46.2,35.1,7.0,14.1,5.0,2.7,0.0,0.0,35.6,38.3,26.2,14.8,47.9,37.3,34.1,61.3,45.2,70.2,89.2,80.7,40.9,54.6,8.6,89.5,29,7.2,12.709023809523812
84,Gregory Polanco,Pirates,153.0,652.0,9.0,83.0,52.0,27.0,8.4,18.6,0.125,0.308,0.256,0.32,0.381,0.304,94.0,5.3,0.6,0.3,2.3,0.7010000000000001,1.3,19.7,45.4,34.9,8.6,5.5,16.0,7.5,6.0,75.0,39.4,35.6,25.1,17.5,52.2,30.3,30.6,63.2,44.1,70.5,89.2,81.6,41.5,57.4,8.0,89.0,21,4.4,11.62111666666667
85,Mitch Moreland,Rangers,132.0,515.0,23.0,51.0,85.0,1.0,6.2,21.7,0.204,0.317,0.278,0.33,0.482,0.348,117.0,-0.7,9.3,-4.9,2.3,0.812,1.32,19.8,45.6,34.6,11.1,18.3,4.0,2.4,0.0,0.0,44.8,32.7,22.5,14.6,49.5,36.0,30.4,69.5,47.2,57.8,86.9,76.2,42.9,57.3,11.2,91.4,39,10.7,13.56413793103449
86,Carlos Santana,Indians,154.0,666.0,19.0,72.0,85.0,11.0,16.2,18.3,0.164,0.261,0.231,0.357,0.395,0.331,108.0,1.3,7.2,-8.3,2.2,0.752,1.2,18.3,44.5,37.1,18.8,11.9,9.0,4.7,2.0,100.0,53.6,28.6,17.8,21.9,48.3,29.8,21.1,57.9,36.7,69.9,89.5,83.0,42.4,48.2,6.2,89.0,31,7.2,14.378288785046726
87,Asdrubal Cabrera,Rays,143.0,551.0,15.0,66.0,58.0,6.0,6.5,19.4,0.164,0.306,0.265,0.315,0.43,0.319,104.0,0.5,2.9,-0.5,2.2,0.745,0.82,20.7,35.8,43.6,12.1,8.7,8.0,5.6,5.0,62.5,47.9,27.7,24.4,16.3,57.3,26.4,36.8,75.2,53.4,71.0,85.0,79.5,43.0,64.8,10.9,87.3,22,5.4,16.80072277227723
88,Robinson Cano,Mariners,156.0,674.0,21.0,82.0,79.0,2.0,6.4,15.9,0.159,0.316,0.287,0.334,0.446,0.335,116.0,-8.5,4.1,-6.3,2.1,0.78,1.99,24.2,50.5,25.3,4.5,15.9,9.0,3.4,0.0,0.0,36.3,41.1,22.7,16.5,51.1,32.4,32.4,73.2,50.1,69.1,90.4,82.6,43.3,59.1,8.7,90.8,37,7.1,5.3318984375000005
89,Yunel Escobar,Nationals,139.0,591.0,9.0,75.0,56.0,2.0,7.6,11.8,0.101,0.347,0.314,0.375,0.415,0.348,120.0,-6.3,7.4,-6.1,2.1,0.79,2.35,22.3,54.5,23.2,5.6,8.3,16.0,6.3,1.0,50.0,37.6,34.6,27.8,17.3,54.9,27.8,28.4,75.5,49.6,67.2,92.2,84.3,44.9,63.8,7.8,89.5,16,3.4,6.570504123711336
90,Charlie Blackmon,Rockies,157.0,682.0,17.0,93.0,58.0,43.0,6.7,16.4,0.163,0.325,0.287,0.347,0.45,0.345,101.0,3.2,4.2,-5.7,2.1,0.7969999999999999,1.04,24.8,38.3,36.9,5.5,9.3,10.0,5.3,8.0,53.3,45.0,32.5,22.5,15.1,51.9,33.1,28.0,60.3,42.4,73.5,92.1,85.3,44.6,57.8,6.2,85.4,20,3.9,18.66627868852458
91,Ben Zobrist,- - -,126.0,535.0,13.0,76.0,56.0,3.0,11.6,10.5,0.173,0.288,0.276,0.359,0.45,0.349,123.0,-0.9,13.2,-11.5,2.0,0.8089999999999999,1.51,18.6,49.0,32.4,11.2,9.7,12.0,5.9,1.0,50.0,45.4,31.7,22.8,17.6,54.3,28.1,22.6,55.4,36.7,80.9,92.8,88.6,43.0,54.8,4.2,88.4,16,3.8,6.499258139534885
92,Carlos Beltran,Yankees,133.0,531.0,19.0,57.0,67.0,0.0,8.5,16.0,0.195,0.297,0.276,0.337,0.471,0.346,119.0,-0.4,11.5,-10.4,2.0,0.808,0.83,21.6,35.6,42.9,7.6,11.1,8.0,5.6,0.0,0.0,44.4,35.6,20.1,13.3,53.4,33.3,29.4,66.9,45.6,70.6,91.3,83.7,43.2,57.3,7.4,90.6,23,5.8,19.115489999999998
93,Kendrys Morales,Royals,158.0,639.0,22.0,81.0,106.0,0.0,9.1,16.1,0.195,0.319,0.29,0.362,0.485,0.364,130.0,-8.2,13.7,-16.2,1.9,0.847,1.29,20.4,44.9,34.7,3.1,13.5,11.0,5.2,0.0,0.0,40.0,36.6,23.4,14.3,50.4,35.3,31.8,71.4,48.2,62.4,88.3,78.3,41.4,54.6,10.4,91.9,43,9.1,8.189574999999998
94,Albert Pujols,Angels,157.0,661.0,40.0,85.0,95.0,5.0,7.6,10.9,0.236,0.217,0.244,0.307,0.48,0.333,115.0,-4.9,6.8,-10.2,1.9,0.7869999999999999,0.99,15.9,41.8,42.2,9.8,17.8,6.0,2.7,0.0,0.0,45.8,34.9,19.3,15.8,51.2,33.0,31.2,64.9,46.2,73.7,92.7,85.6,44.4,56.0,6.6,90.7,41,7.7,11.021692366412209
95,Ben Revere,- - -,152.0,634.0,2.0,84.0,45.0,31.0,5.0,10.1,0.071,0.338,0.306,0.342,0.377,0.316,98.0,8.0,6.8,-8.7,1.9,0.7190000000000001,2.89,26.4,54.7,18.9,4.0,2.0,33.0,11.5,4.0,30.8,35.1,40.1,24.8,20.2,61.8,18.1,28.9,58.4,41.8,79.8,96.7,90.1,43.7,56.6,4.1,82.0,0,0.0,7.393557553956835
96,DJ LeMahieu,Rockies,150.0,620.0,6.0,85.0,61.0,23.0,8.1,17.3,0.087,0.362,0.301,0.358,0.388,0.327,89.0,3.2,-4.6,2.8,1.9,0.746,2.8,26.0,54.5,19.5,1.1,6.7,12.0,4.8,2.0,40.0,21.2,39.8,39.0,12.1,61.3,26.6,24.8,63.5,43.4,72.5,90.6,85.2,48.0,58.7,6.4,90.0,11,2.4,1.8319184466019416
97,Wilmer Flores,Mets,137.0,510.0,16.0,55.0,59.0,0.0,3.7,12.4,0.145,0.273,0.263,0.295,0.408,0.304,94.0,0.0,-3.3,4.3,1.8,0.703,1.13,21.1,41.8,37.1,16.0,10.3,12.0,6.8,0.0,0.0,38.9,33.5,27.6,21.7,49.5,28.8,31.4,68.0,48.8,82.0,89.8,87.2,47.6,61.0,6.3,86.2,9,2.1,15.948640000000001
98,Marcus Semien,Athletics,155.0,601.0,15.0,65.0,45.0,11.0,7.0,22.0,0.147,0.312,0.257,0.31,0.405,0.311,99.0,1.0,0.4,-3.3,1.8,0.7150000000000001,0.98,23.1,38.1,38.8,8.5,9.1,16.0,9.9,0.0,0.0,42.0,33.3,24.7,16.7,54.2,29.1,25.3,63.5,43.8,59.2,88.0,79.4,48.3,58.2,9.0,86.9,19,4.5,16.701119047619052
99,Prince Fielder,Rangers,158.0,693.0,23.0,78.0,98.0,0.0,9.2,12.7,0.158,0.323,0.305,0.378,0.463,0.36,126.0,-6.6,13.9,-20.0,1.8,0.841,1.3,18.3,46.2,35.5,5.3,12.2,10.0,4.1,0.0,0.0,32.5,39.6,27.9,17.4,50.4,32.3,33.8,71.3,48.8,66.9,91.7,81.4,40.2,56.1,8.9,90.8,34,6.4,9.237771186440677
100,Ian Desmond,Nationals,156.0,641.0,19.0,69.0,62.0,13.0,7.0,29.2,0.151,0.307,0.233,0.29,0.384,0.294,83.0,5.5,-7.1,3.3,1.7,0.6739999999999999,1.72,15.6,53.4,31.0,13.0,15.4,24.0,11.3,2.0,22.2,34.7,36.0,29.3,20.9,51.0,28.1,34.1,70.1,49.5,56.7,84.0,73.3,42.9,65.8,13.2,89.6,29,7.1,9.190476829268288
101,Elvis Andrus,Rangers,160.0,661.0,7.0,69.0,62.0,25.0,7.0,11.8,0.099,0.283,0.258,0.309,0.357,0.292,78.0,3.8,-12.8,7.1,1.7,0.6659999999999999,1.48,21.1,47.1,31.8,9.8,4.3,20.0,8.3,9.0,39.1,43.7,31.0,25.2,18.1,54.8,27.1,25.8,61.1,42.6,71.7,93.0,86.3,47.8,62.3,5.9,85.2,8,1.5,12.031483870967746
102,Jhonny Peralta,Cardinals,155.0,640.0,17.0,64.0,71.0,1.0,7.8,17.3,0.136,0.311,0.275,0.334,0.411,0.323,104.0,-6.6,-3.2,-0.8,1.7,0.745,1.41,24.7,44.1,31.2,5.4,11.5,12.0,5.7,0.0,0.0,42.6,34.8,22.6,13.5,54.0,32.5,32.3,75.7,50.4,65.7,86.4,78.7,41.7,60.3,10.6,88.1,24,5.1,15.102364044943826
103,Yangervis Solarte,Padres,152.0,571.0,14.0,63.0,63.0,1.0,6.0,9.8,0.158,0.279,0.27,0.32,0.428,0.324,108.0,-4.5,0.9,-3.9,1.6,0.748,1.18,19.3,43.6,37.1,10.9,8.0,10.0,4.9,0.0,0.0,48.0,32.4,19.6,20.6,48.6,30.7,32.1,68.1,48.2,75.7,95.5,88.2,44.7,58.1,5.7,87.7,10,2.1,14.853182539682539
104,Chase Headley,Yankees,156.0,642.0,11.0,74.0,62.0,0.0,7.9,21.0,0.11,0.317,0.259,0.324,0.369,0.307,92.0,0.5,-5.5,-0.8,1.6,0.6930000000000001,1.42,26.6,43.1,30.4,11.8,8.1,11.0,5.7,1.0,100.0,44.3,35.6,20.0,17.4,54.8,27.8,24.7,65.4,42.8,60.4,89.3,80.0,44.5,57.5,8.6,86.6,23,5.1,14.330294623655917
105,Salvador Perez,Royals,142.0,553.0,21.0,52.0,70.0,1.0,2.4,14.8,0.166,0.27,0.26,0.28,0.426,0.3,86.0,-6.7,-15.9,12.0,1.5,0.706,1.12,20.7,41.9,37.4,14.1,12.4,12.0,6.3,0.0,0.0,43.0,37.2,19.8,19.8,56.2,24.0,42.5,68.5,54.1,73.6,90.7,83.2,44.5,60.6,9.0,87.3,24,5.3,16.654849523809524
106,Nick Markakis,Braves,156.0,686.0,3.0,73.0,53.0,2.0,10.2,12.1,0.08,0.338,0.296,0.37,0.376,0.327,106.0,-1.7,3.4,-10.8,1.5,0.746,1.94,20.8,52.3,27.0,9.1,2.1,22.0,7.9,0.0,0.0,28.7,38.3,33.0,16.4,57.9,25.7,26.6,62.3,42.1,86.1,92.6,90.2,43.5,56.0,4.1,88.3,4,0.8,8.360100833333336
107,Freddy Galvis,Phillies,151.0,603.0,7.0,63.0,50.0,10.0,5.0,17.1,0.081,0.309,0.263,0.302,0.343,0.283,77.0,4.6,-11.4,5.9,1.4,0.645,1.11,22.2,40.9,36.9,10.4,4.3,12.0,6.6,8.0,36.4,36.4,35.1,28.5,20.3,54.6,25.1,39.2,65.0,50.4,72.1,90.4,82.4,43.6,64.2,8.9,83.9,11,2.4,12.833367796610176
108,Alcides Escobar,Royals,148.0,662.0,3.0,76.0,47.0,17.0,3.9,11.3,0.064,0.286,0.257,0.293,0.32,0.271,65.0,4.4,-22.3,13.9,1.4,0.613,1.6,22.3,47.8,29.9,9.9,1.9,14.0,5.4,3.0,20.0,31.5,38.3,30.2,20.8,58.4,20.8,35.4,69.2,51.3,72.2,90.4,83.8,47.1,68.4,8.3,83.5,5,0.9,11.45340545454546
109,Yadier Molina,Cardinals,136.0,530.0,4.0,34.0,61.0,3.0,6.0,11.1,0.08,0.295,0.27,0.31,0.35,0.287,80.0,-2.5,-14.7,10.7,1.3,0.6599999999999999,1.49,20.3,47.7,32.0,11.4,2.9,8.0,3.8,0.0,0.0,36.2,32.8,31.0,17.5,57.2,25.3,36.4,76.0,54.3,80.2,88.2,85.3,45.1,62.3,8.0,86.3,10,2.3,10.37484
110,Mark Trumbo,- - -,142.0,545.0,22.0,62.0,64.0,0.0,6.6,24.2,0.187,0.313,0.262,0.31,0.449,0.327,107.0,-2.4,2.3,-9.7,1.1,0.759,1.03,18.0,41.6,40.3,12.5,14.5,10.0,6.4,0.0,0.0,37.1,32.9,30.0,16.5,50.1,33.4,36.8,72.2,51.6,58.5,80.9,71.6,42.0,60.7,14.6,92.0,37,9.8,18.56326041666666
111,Marlon Byrd,- - -,135.0,544.0,23.0,58.0,73.0,2.0,5.3,26.7,0.206,0.297,0.247,0.29,0.453,0.317,100.0,0.6,0.3,-7.8,1.0,0.743,1.17,21.3,42.3,36.3,4.5,17.3,14.0,9.0,0.0,0.0,41.0,30.9,28.1,16.9,52.5,30.6,43.9,83.2,60.5,55.3,83.0,71.4,42.1,70.4,17.2,86.5,31,8.5,11.269102197802194
112,Jace Peterson,Braves,152.0,597.0,6.0,55.0,52.0,12.0,9.4,20.1,0.097,0.296,0.239,0.314,0.335,0.287,79.0,1.3,-13.3,4.2,1.0,0.649,1.46,22.0,46.3,31.8,7.1,4.7,12.0,6.5,4.0,22.2,38.5,33.7,27.8,20.8,52.9,26.3,27.7,62.2,42.9,64.8,87.7,79.5,44.2,59.1,8.8,85.0,14,3.3,11.095713157894739
113,Michael Taylor,Nationals,138.0,511.0,14.0,49.0,63.0,16.0,6.8,30.9,0.129,0.311,0.229,0.282,0.358,0.274,69.0,-0.5,-18.8,12.3,1.0,0.6399999999999999,1.45,22.2,46.0,31.8,9.4,14.6,14.0,10.1,8.0,53.3,47.3,27.8,24.9,18.0,50.8,31.2,33.3,74.5,52.4,52.1,77.4,68.8,46.5,65.2,16.0,86.2,20,6.3,7.359600000000001
114,Cameron Maybin,Braves,141.0,555.0,10.0,65.0,59.0,23.0,8.1,18.4,0.103,0.316,0.267,0.327,0.37,0.307,93.0,1.5,-3.1,-5.3,0.9,0.6970000000000001,2.89,22.0,57.9,20.0,12.3,12.3,17.0,7.3,1.0,33.3,38.1,33.4,28.5,20.9,57.7,21.4,26.6,62.0,43.4,64.1,89.6,81.4,47.4,60.5,8.1,87.7,11,2.7,3.1339109375
115,Erick Aybar,Angels,156.0,638.0,3.0,74.0,44.0,15.0,3.9,11.4,0.069,0.3,0.27,0.301,0.338,0.28,79.0,3.4,-12.1,-0.4,0.9,0.639,1.99,21.0,52.6,26.4,5.3,2.3,15.0,5.7,11.0,34.4,40.1,37.5,22.4,17.0,59.9,23.1,37.9,68.2,51.3,78.7,94.3,87.8,44.0,63.6,6.2,83.1,6,1.1,4.9896212121212145
116,Starlin Castro,Cubs,151.0,578.0,11.0,52.0,69.0,5.0,3.6,15.7,0.11,0.298,0.265,0.296,0.375,0.288,80.0,-2.1,-15.6,5.4,0.8,0.671,1.87,17.0,54.1,28.9,11.3,8.3,24.0,9.6,1.0,100.0,40.8,38.6,20.6,23.4,52.9,23.6,35.5,65.9,49.2,70.6,89.9,82.3,45.0,56.9,8.6,86.3,20,4.3,10.171894791666665
117,Aramis Ramirez,- - -,137.0,516.0,17.0,43.0,75.0,1.0,6.0,13.2,0.177,0.253,0.246,0.297,0.423,0.309,93.0,-7.3,-11.4,2.7,0.8,0.72,0.88,18.7,38.1,43.2,8.4,9.6,4.0,2.5,0.0,0.0,40.3,35.2,24.5,18.5,50.7,30.8,36.6,74.8,53.3,73.1,90.0,83.4,43.8,65.5,8.8,87.4,24,5.8,18.652826966292135
118,Brett Lawrie,Athletics,149.0,602.0,16.0,64.0,60.0,5.0,4.7,23.9,0.148,0.32,0.26,0.299,0.407,0.306,96.0,2.4,-0.8,-12.2,0.7,0.706,1.49,18.5,48.8,32.7,5.8,11.6,24.0,11.7,0.0,0.0,38.1,36.7,25.2,16.9,53.7,29.4,35.4,64.0,48.8,61.1,84.6,75.5,46.8,63.5,11.9,89.5,20,4.7,11.073721649484535
119,Jose Reyes,- - -,116.0,519.0,7.0,57.0,53.0,24.0,5.0,11.9,0.104,0.301,0.274,0.31,0.378,0.3,80.0,1.5,-10.4,-1.5,0.5,0.688,1.23,20.0,44.1,35.9,21.5,4.7,12.0,6.6,3.0,18.8,42.2,35.7,22.0,25.1,55.2,19.7,34.6,69.9,49.8,74.7,91.7,85.0,43.0,61.1,7.5,82.9,1,0.2,11.908797872340427
120,Brandon Moss,- - -,145.0,526.0,19.0,47.0,58.0,0.0,9.3,28.1,0.181,0.285,0.226,0.304,0.407,0.308,93.0,-0.4,-4.8,-7.8,0.5,0.711,0.69,20.4,32.5,47.1,6.6,12.5,10.0,9.5,1.0,100.0,49.4,30.6,20.1,16.7,44.1,39.2,32.6,73.2,49.6,55.0,82.4,71.9,41.8,58.0,13.8,89.0,39,12.0,15.436179310344826
121,Gerardo Parra,- - -,155.0,589.0,14.0,83.0,51.0,14.0,4.8,15.6,0.161,0.325,0.291,0.328,0.452,0.334,108.0,2.0,7.7,-22.1,0.5,0.78,1.59,23.8,46.8,29.4,9.1,10.6,14.0,6.7,8.0,53.3,37.7,34.5,27.8,17.9,52.6,29.5,39.4,73.1,54.3,71.3,91.1,83.1,44.2,66.4,9.2,86.7,15,3.2,10.156704237288142
122,Torii Hunter,Twins,139.0,567.0,22.0,67.0,81.0,2.0,6.2,18.5,0.169,0.258,0.24,0.293,0.409,0.304,89.0,-0.9,-8.1,-6.5,0.4,0.702,1.41,17.3,48.4,34.3,9.8,15.4,12.0,5.9,1.0,25.0,40.9,35.9,23.3,18.1,53.0,29.0,36.7,73.7,53.4,69.0,84.9,78.9,45.2,64.0,11.3,87.9,21,5.0,7.612494505494505
123,Anthony Gose,Tigers,140.0,535.0,5.0,73.0,26.0,23.0,8.4,27.1,0.113,0.352,0.254,0.321,0.367,0.304,90.0,0.6,-5.6,-8.5,0.4,0.688,2.15,20.8,54.0,25.2,7.4,6.2,11.0,6.3,8.0,40.0,31.0,35.7,33.3,20.2,54.7,25.2,29.8,71.3,48.3,55.0,85.5,75.0,44.5,62.2,12.1,85.4,8,2.3,7.19494939759036
124,Matt Kemp,Padres,154.0,648.0,23.0,80.0,100.0,12.0,6.0,22.7,0.178,0.311,0.265,0.312,0.443,0.325,108.0,0.9,7.3,-24.1,0.4,0.755,1.23,21.4,43.3,35.2,2.5,14.3,10.0,5.1,0.0,0.0,40.9,37.6,21.4,11.2,47.3,41.6,35.8,70.7,51.0,62.8,83.4,75.2,43.5,58.3,12.6,89.4,38,8.3,15.591260416666662
125,Wilson Ramos,Nationals,128.0,504.0,15.0,41.0,68.0,0.0,4.2,20.0,0.128,0.256,0.229,0.258,0.358,0.265,63.0,-1.6,-23.5,11.1,0.4,0.616,2.23,19.6,55.5,24.9,6.3,15.8,10.0,4.7,0.0,0.0,35.9,37.4,26.7,15.5,58.1,26.4,36.4,74.4,53.8,60.6,87.3,77.5,45.8,65.9,12.1,90.5,25,6.5,8.582280459770116
126,Jean Segura,Brewers,142.0,584.0,6.0,57.0,50.0,25.0,2.2,15.9,0.079,0.298,0.257,0.281,0.336,0.268,63.0,3.1,-22.2,6.7,0.3,0.617,2.43,16.7,59.0,24.2,8.8,5.3,25.0,9.1,0.0,0.0,24.8,37.9,37.3,25.6,54.7,19.7,38.5,69.9,53.2,73.4,91.5,84.5,46.7,66.4,8.2,86.3,6,1.3,5.635034862385323
127,Jimmy Rollins,Dodgers,144.0,563.0,13.0,71.0,41.0,12.0,7.8,15.3,0.133,0.246,0.224,0.285,0.358,0.283,81.0,-2.0,-14.5,-0.3,0.3,0.643,0.9,19.0,38.3,42.6,11.2,7.3,6.0,3.7,2.0,15.4,50.8,27.7,21.5,17.6,57.3,25.2,25.7,67.4,44.7,68.7,90.2,83.5,45.6,56.3,7.4,84.5,12,2.8,18.56889230769231
128,Joe Mauer,Twins,158.0,666.0,10.0,69.0,66.0,2.0,10.1,16.8,0.115,0.309,0.265,0.338,0.38,0.311,94.0,-3.3,-8.3,-11.7,0.2,0.718,2.76,24.1,55.7,20.2,4.1,10.3,11.0,4.1,4.0,80.0,30.5,37.5,32.1,16.5,53.7,29.8,27.2,57.5,41.0,74.7,90.2,84.6,45.7,57.2,6.2,89.1,18,3.7,1.2390486238532101
129,Evan Gattis,Astros,153.0,604.0,27.0,66.0,88.0,0.0,5.0,19.7,0.217,0.264,0.246,0.285,0.463,0.317,102.0,-3.3,-2.0,-16.0,0.2,0.748,1.22,17.0,45.6,37.4,13.0,16.0,16.0,7.8,0.0,0.0,39.8,36.3,23.9,21.5,46.7,31.9,36.9,70.4,50.8,66.8,84.6,77.0,41.4,60.4,11.6,88.9,32,7.1,13.56796701030928
130,Jay Bruce,Reds,157.0,649.0,26.0,72.0,87.0,9.0,8.9,22.3,0.209,0.251,0.226,0.294,0.434,0.309,92.0,-1.8,-7.7,-11.2,0.1,0.728,0.84,18.7,37.0,44.2,5.6,13.3,6.0,3.7,0.0,0.0,46.9,30.4,22.8,13.5,51.1,35.4,31.8,75.2,48.4,61.7,87.3,77.0,38.3,58.9,11.1,89.6,38,8.6,17.246346491228067
131,Nick Castellanos,Tigers,154.0,595.0,15.0,42.0,73.0,0.0,6.6,25.5,0.164,0.322,0.255,0.303,0.419,0.311,95.0,-7.3,-11.1,-9.0,-0.1,0.722,0.9,23.3,36.2,40.4,1.2,9.2,3.0,2.1,0.0,0.0,36.2,34.5,29.3,11.4,55.8,32.8,34.2,69.8,49.7,53.2,83.8,71.9,43.5,64.4,13.9,88.3,31,7.7,17.914705434782608
132,Logan Morrison,Mariners,146.0,511.0,17.0,47.0,54.0,8.0,9.2,15.9,0.158,0.238,0.225,0.302,0.383,0.298,90.0,-0.9,-6.7,-11.9,-0.2,0.685,1.14,16.3,44.7,39.0,10.3,11.6,8.0,4.8,4.0,80.0,41.7,34.3,24.0,19.5,49.9,30.6,30.0,71.4,48.3,68.0,89.4,82.0,44.1,57.9,8.6,89.3,28,7.4,13.177084285714281
133,Melky Cabrera,White Sox,158.0,683.0,12.0,70.0,77.0,3.0,5.9,12.9,0.121,0.297,0.273,0.314,0.394,0.307,92.0,-3.3,-9.9,-15.0,-0.3,0.708,1.55,23.9,46.3,29.9,9.1,7.3,14.0,5.5,0.0,0.0,36.9,35.4,27.7,15.7,57.1,27.1,34.0,63.5,46.8,82.1,92.2,88.1,43.6,61.4,5.6,89.2,13,2.4,11.366561538461534
135,Alexei Ramirez,White Sox,154.0,622.0,10.0,54.0,62.0,17.0,5.0,10.9,0.108,0.264,0.249,0.285,0.357,0.279,72.0,-5.0,-24.9,0.4,-0.4,0.6419999999999999,1.7,21.6,49.3,29.1,11.3,6.6,21.0,8.2,1.0,33.3,38.1,42.3,19.5,24.1,54.6,21.3,32.5,67.4,48.4,76.8,90.6,85.5,45.3,66.9,7.0,84.5,8,1.5,7.805581967213112
136,Billy Butler,Athletics,151.0,601.0,15.0,63.0,65.0,0.0,8.7,16.8,0.139,0.282,0.251,0.323,0.39,0.311,100.0,-11.1,-11.4,-14.3,-0.6,0.7130000000000001,1.61,17.7,50.8,31.5,9.4,10.8,8.0,3.6,0.0,0.0,38.1,32.7,29.3,15.2,54.4,30.4,29.5,63.1,45.0,66.4,91.1,82.4,46.2,62.2,7.9,89.2,32,7.3,8.495952040816325
137,Angel Pagan,Giants,133.0,551.0,3.0,55.0,37.0,12.0,5.8,16.9,0.07,0.31,0.262,0.303,0.332,0.28,79.0,2.4,-11.1,-12.5,-0.7,0.635,1.25,23.3,42.6,34.1,2.1,2.1,8.0,4.4,0.0,0.0,31.8,40.7,27.5,18.4,58.4,23.3,25.0,62.0,41.5,80.8,93.6,89.4,44.5,56.6,4.4,86.4,4,0.9,15.18071954022988
138,Avisail Garcia,White Sox,148.0,601.0,13.0,66.0,59.0,7.0,6.0,23.5,0.108,0.32,0.257,0.309,0.365,0.295,84.0,-4.5,-15.7,-13.8,-1.0,0.6739999999999999,1.83,24.5,48.8,26.7,6.3,11.7,22.0,10.8,0.0,0.0,36.1,40.4,23.6,19.0,51.9,29.1,45.2,78.9,59.1,55.0,83.3,70.5,41.2,65.6,17.3,88.5,20,4.8,12.17427473684211
139,Chris Owings,Diamondbacks,147.0,552.0,4.0,59.0,43.0,16.0,4.7,26.1,0.095,0.305,0.227,0.264,0.322,0.255,52.0,4.8,-26.3,-4.6,-1.4,0.5860000000000001,1.15,26.4,39.4,34.2,8.9,3.2,10.0,7.0,7.0,38.9,38.3,34.7,27.0,16.0,54.3,29.7,37.6,70.9,53.3,57.8,87.0,76.1,47.0,66.9,12.7,84.6,11,2.9,12.732033333333337
140,Pablo Sandoval,Red Sox,126.0,505.0,10.0,43.0,47.0,0.0,5.0,14.5,0.121,0.27,0.245,0.292,0.366,0.288,75.0,-5.3,-20.1,-15.1,-2.0,0.6579999999999999,1.51,18.8,48.9,32.3,13.2,7.8,8.0,4.1,0.0,0.0,30.8,39.5,29.8,21.5,54.0,24.5,47.8,75.2,58.8,77.7,87.3,82.7,40.4,65.0,10.2,88.0,19,4.8,11.191983333333331
